"","Stud_ID","PROJ_TOTAL","Proj01","Proj02","Proj03","Proj04","Proj05","Proj06","Proj07","Proj08","Proj09","Proj10","Proj11","Total_Pts","Exam1","Exam2","Exam3","Prob_solve_pre","Prob_solve_post","extraversion","agreeableness","conscient.","stability","openness","Metacog.","SelfEfficacy","IntGoalOrient","ExtGoalOrient"
"1","e75ab8254",347,14,19,13,25,27,35,40,47,44,35,48,622,60,60,55,3.5,4.66666666666667,52,51,47,43,42,65,50,25,26
"2","07ee7a263",427,14,20,20,38,45,42,41,50,52,53,52,902,80,125,170,16,15,29,50,54,58,38,31,32,13,16
"3","9c02eb000",393,14,18,16,37,42,44,45,41,50,37,49,829,96,115,125,7,5,55,59,46,53,48,NA,NA,NA,NA
"4","52fb2d1ca",397,14,18,19,0,43,43,50,50,52,53,55,831,80,120,135,10,14.5,25,29,38,37,53,34,48,14,26
"5","a4d76f570",316,14,20,12,36,8,34,0,41,52,49,50,757,76,120,145,2.33333333333333,13,50,50,60,59,43,54,48,19,22
"6","94ea75daa",435,14,20,19,36,45,45,50,50,55,46,55,929,84,135,175,8,15,37,54,50,56,47,47,49,23,22
"7","5e9c38d44",375,13,20,20,36,43,38,46,40,50,22,47,822,76,135,136,3.83333333333333,8,38,50,63,43,44,53,45,23,18
"8","e5a5608e8",398,14,17,19,39,45,41,49,20,55,47,52,783,64,110,111,5.33333333333333,NA,NA,NA,NA,NA,NA,65,56,25,25
"9","f2abdba22",350,14,18,18,37,44,0,45,43,51,40,40,696,52,90,105,NA,NA,58,65,50,46,48,55,21,9,18
"10","21d036526",354,13,18,17,32,40,33,16,39,52,40,54,810,76,105,175,10,5.33333333333333,47,42,42,34,42,48,42,22,28
"11","3fc8237b5",295,13,20,20,34,43,41,50,19,55,0,0,640,76,90,80,0,2,45,69,56,38,66,67,56,28,22
"12","72ccca5a0",440,14,20,20,40,45,45,50,48,55,48,55,877,80,115,150,3.33333333333333,7,32,56,50,NA,49,55,45,26,28
"13","ca5073861",52,14,12,0,26,0,0,0,0,0,0,0,52,0,0,0,3.5,NA,NA,NA,NA,NA,NA,60,40,22,25
"14","7e2674224",441,14,20,20,38,44,45,50,48,55,53,54,959,88,145,185,16,20,42,59,68,24,57,57,46,17,24
"15","bc0032340",385,14,20,10,27,38,34,50,42,51,45,54,840,80,140,135,3.33333333333333,5.33333333333333,47,37,45,51,41,43,44,19,23
"16","56bb07c2e",370,10,18,18,37,29,43,40,34,49,40,52,753,68,80,135,1,0,40,39,40,43,40,46,38,20,16
"17","74afe8807",332,14,18,18,35,43,0,43,39,35,47,40,642,60,80,70,4.16666666666667,9,42,53,58,59,50,53,43,20,14
"18","70653b198",279,14,20,18,32,43,0,0,43,51,42,16,641,68,90,105,1,0,41,43,40,43,38,NA,NA,NA,NA
"19","c19bd5d09",406,14,20,16,37,41,45,50,38,47,45,53,876,84,135,151,18,19.5,47,62,55,47,53,43,48,25,24
"20","758e0f2e4",340,15,20,20,40,32,43,44,21,50,0,55,744,84,120,110,17.5,18,24,47,41,31,48,42,43,20,26
"21","2e3be0621",372,14,13,15,28,44,43,50,0,55,55,55,760,68,110,110,8.33333333333333,11.5,34,44,48,36,36,58,26,22,24
"22","f7fc7c540",410,15,20,20,39,44,45,50,45,27,50,55,816,80,115,111,7,13,47,41,48,38,40,42,43,20,24
"23","8a78da3d7",448,15,20,20,40,45,45,50,50,53,55,55,945,88,150,160,11.6666666666667,15.8333333333333,60,60,53,48,68,58,48,21,27
"24","d032ddcba",408,15,20,10,25,45,45,50,49,48,48,53,814,60,110,136,2,0,41,37,38,51,31,40,32,4,19
"25","f5fbfaa43",437,15,20,20,40,45,40,48,46,53,55,55,886,84,95,170,16,21,50,44,38,62,51,39,48,20,19
"26","897c10248",348,15,18,14,0,37,42,44,44,55,28,51,646,72,110,116,10,NA,NA,NA,NA,NA,NA,40,32,16,16
"27","006a7e31c",119,15,19,10,40,4,31,0,0,0,0,0,351,68,65,95,14.5,NA,NA,NA,NA,NA,NA,53,18,9,28
"28","d7ebdcc64",299,13,20,20,40,39,45,14,4,34,30,40,678,68,110,106,18.8333333333333,7,51,56,40,55,63,42,47,19,21
"29","2f9655115",392,13,20,17,33,39,45,49,45,52,34,45,736,64,95,90,12.8333333333333,15.3333333333333,36,54,NA,NA,52,40,32,19,16
"30","1158a4bb2",446,15,20,20,38,43,45,50,50,55,55,55,872,72,120,135,13,19.5,56,39,50,NA,48,40,48,16,23
"31","da8783e45",438,15,20,9,40,45,45,50,50,55,54,55,805,72,110,85,11.5,9.16666666666667,51,45,51,50,45,47,28,11,23
"32","34d07adfb",172,0,12,14,28,42,25,0,22,0,5,24,512,60,80,100,3.33333333333333,3,NA,NA,NA,NA,NA,44,28,22,28
"33","df6e080db",102,14,5,8,25,45,5,0,0,0,0,0,272,60,110,0,3.66666666666667,NA,NA,NA,NA,NA,NA,32,25,14,12
"34","b467b6487",83,15,18,0,0,0,0,50,0,0,0,0,216,48,85,0,4.66666666666667,NA,NA,NA,NA,NA,NA,42,30,16,16
"35","50ea17ff2",427,15,20,20,34,45,45,50,50,53,40,55,805,72,135,71,12.8333333333333,1,35,56,47,44,57,NA,NA,NA,NA
"36","7075f9c0b",355,15,20,11,7,4,44,50,47,55,47,55,791,76,125,135,6.33333333333333,7.5,34,53,54,41,47,46,47,20,22
"37","1572c11e8",399,15,15,12,30,40,43,50,42,55,47,50,676,72,100,76,3.16666666666667,10.8333333333333,46,52,47,45,46,48,34,24,23
"38","1219ed366",4,0,0,0,0,4,0,0,0,0,0,0,120,56,60,0,3.83333333333333,NA,NA,NA,NA,NA,NA,54,46,22,25
"39","9f288e760",386,15,20,17,40,43,45,50,0,55,50,51,787,72,120,121,14,13,18,39,43,52,32,30,33,14,17
"40","c802b7752",123,14,16,14,33,1,25,10,7,0,3,0,480,64,105,88,13,5.66666666666667,38,41,40,36,44,70,56,28,23
"41","378538130",246,14,18,17,0,43,6,46,24,31,11,36,647,76,110,115,5.16666666666667,5,40,40,40,40,40,40,32,16,16
"42","04038b23f",83,0,13,15,15,2,37,1,0,0,0,0,293,52,85,73,NA,21,56,55,57,45,54,NA,NA,NA,NA
"43","bc4cd0d4c",447,15,20,19,40,45,45,50,50,55,54,54,859,72,120,120,1,1.83333333333333,42,NA,22,13,NA,38,34,10,28
"44","9b4516200",403,14,18,17,32,20,43,49,48,55,52,55,861,88,110,160,3,2,NA,NA,NA,NA,NA,48,40,8,19
"45","773c25f3a",384,14,18,19,34,39,42,43,43,30,47,55,830,76,140,130,7,NA,NA,NA,NA,NA,NA,52,40,22,28
"46","a51dca134",430,15,20,20,40,39,35,46,50,55,55,55,903,88,130,155,13.5,17,51,40,50,44,NA,40,34,18,11
"47","164c47ca6",401,14,18,18,8,41,44,47,49,53,54,55,771,44,125,101,2.33333333333333,11,38,46,44,52,50,60,48,24,24
"48","45162e975",359,15,20,19,36,6,21,38,46,55,48,55,796,72,110,155,13.5,21,39,63,50,NA,54,52,34,15,20
"49","c022fbb19",440,15,20,16,39,45,44,50,49,55,52,55,924,84,145,155,21,21,53,38,49,16,49,35,38,18,22
"50","64d6faa20",411,15,20,7,40,45,39,35,48,52,55,55,843,64,125,146,3,6.66666666666667,46,53,39,48,43,33,38,16,25
"51","602b22f36",281,14,14,16,18,37,42,25,38,31,22,24,664,72,105,106,8.66666666666667,4.83333333333333,40,40,40,40,40,53,44,23,25
"52","f5110d175",402,15,18,0,19,45,44,50,49,55,52,55,757,60,95,103,14.5,11.6666666666667,56,52,56,30,58,39,33,19,23
"53","58c5e7235",344,15,20,18,38,39,32,50,49,35,12,36,699,80,90,85,8.66666666666667,12.3333333333333,42,53,49,49,48,49,53,22,19
"54","87c96a23c",441,15,17,20,40,45,44,47,49,55,54,55,877,64,150,155,9,10,41,37,37,38,56,45,34,20,22
"55","03834ebcf",279,11,14,2,27,0,27,32,33,53,25,55,626,72,80,95,5,9.16666666666667,40,51,44,50,40,44,46,16,26
"56","98f7a6a6b",413,14,18,17,39,41,45,50,49,54,31,55,786,56,110,110,8,8.5,41,NA,39,NA,37,42,33,14,21
"57","9bd06fb97",391,15,20,20,40,35,43,50,49,55,9,55,827,76,120,140,8,6.66666666666667,43,57,54,49,49,26,17,8,8
"58","7877d6f8f",236,14,14,11,24,40,18,33,9,46,0,27,564,76,105,113,8,10.5,31,52,48,46,42,56,44,24,20
"59","7d98f0929",401,15,17,14,27,34,38,50,48,55,48,55,869,84,135,150,2.66666666666667,12,62,48,49,55,52,54,44,21,21
"60","05ae74f7d",348,9,16,14,30,25,24,44,25,55,51,55,738,76,105,110,9.33333333333333,18,22,32,49,30,54,37,18,7,21
"61","7d027d745",412,15,20,20,40,45,44,50,49,53,48,28,905,88,140,165,8,6.66666666666667,40,44,44,NA,47,49,46,16,28
"62","e90a32bd8",445,15,20,20,37,45,44,50,49,55,55,55,902,72,145,140,10.6666666666667,17.5,44,53,56,43,49,35,49,23,22
"63","d275eec9a",408,15,0,20,39,45,45,50,49,55,35,55,821,84,110,131,8.33333333333333,0.666666666666667,35,44,47,52,40,40,55,24,24
"64","e6ac73954",429,15,17,13,40,45,44,50,48,55,47,55,781,68,95,90,4.33333333333333,5.33333333333333,45,47,48,49,50,48,38,12,25
"65","8c782f2fd",340,15,18,14,23,39,36,50,38,53,5,49,689,36,110,110,6.16666666666667,9.5,42,43,41,36,43,38,26,11,27
"66","bf6e3059e",290,15,0,14,38,0,36,50,0,55,29,53,642,68,95,130,3.66666666666667,NA,NA,NA,NA,NA,NA,56,43,22,21
"67","876e266a6",382,15,20,13,29,0,45,50,49,52,54,55,827,80,110,155,8,21,58,58,55,60,58,56,48,25,26
"68","7c390bda1",389,15,20,19,38,37,26,46,47,50,39,52,781,72,95,125,4,15,NA,NA,NA,NA,NA,48,40,21,25
"69","11235aadf",307,8,12,15,5,39,16,49,18,48,46,51,644,68,90,80,11,0.666666666666667,40,39,40,40,40,52,56,23,28
"70","c601cdc6a",443,15,20,20,40,44,45,50,49,53,53,54,895,84,130,145,17,17,39,55,45,56,59,45,43,21,22
"71","efe1420a8",378,15,20,19,37,38,26,48,43,47,32,53,738,64,85,125,4.33333333333333,10.5,55,44,47,50,42,46,55,22,26
"72","ad3c6de11",329,13,18,17,36,45,41,45,21,33,12,48,616,80,95,110,12,18,22,41,48,29,52,53,44,23,24
"73","7dba579b5",422,15,20,20,40,36,39,49,44,55,53,51,910,88,145,155,4.33333333333333,11,36,45,49,48,51,45,32,16,17
"74","05e22b074",329,15,20,20,39,45,29,48,0,17,44,52,715,80,110,96,10.6666666666667,0.666666666666667,49,64,50,35,60,60,54,28,28
"75","299fda604",386,15,17,20,39,40,40,50,0,55,55,55,884,88,150,160,6.66666666666667,11.5,41,48,36,45,30,51,48,13,28
"76","dbd95df3b",343,13,17,15,38,31,26,50,48,45,5,55,750,72,120,115,2.33333333333333,7.66666666666667,39,46,51,51,40,60,56,23,28
"77","b08c4236b",439,15,20,19,40,45,45,48,49,55,53,50,876,80,105,155,11,15,40,40,40,40,40,49,52,18,28
"78","8c57a5ed6",350,15,19,16,35,26,20,50,16,52,48,53,683,60,90,88,15,17,46,48,47,38,56,45,38,20,19
"79","758e670f1",145,11,13,13,0,39,0,28,0,17,16,8,500,80,115,60,0.666666666666667,2.33333333333333,40,38,38,46,36,62,56,28,28
"80","7e5a72d82",446,14,20,20,40,45,45,50,49,53,55,55,917,92,145,135,12,15.5,34,42,42,51,33,25,30,13,16
"81","1a46515cf",441,15,20,15,40,44,43,50,49,55,55,55,902,96,115,150,13.6666666666667,17.3333333333333,44,46,59,NA,51,50,45,21,28
"82","8d85fdefa",423,15,19,15,38,45,38,45,50,53,53,52,882,76,130,160,18,13,39,37,44,43,53,46,54,22,13
"83","1a4f264f1",413,15,17,18,38,43,42,47,49,47,42,55,848,80,125,130,9.5,15.3333333333333,60,61,70,59,69,61,42,19,9
"84","a5e033952",415,13,19,18,39,39,43,44,46,52,52,50,829,64,105,145,0,0,NA,NA,NA,NA,NA,50,41,18,20
"85","ece82b25c",417,14,19,14,38,44,44,49,44,55,43,53,856,84,120,135,9,14,50,54,40,31,59,59,47,21,28
"86","f4981be15",290,13,14,0,18,32,41,47,36,51,38,0,733,68,115,160,7.66666666666667,1.66666666666667,40,40,40,40,40,47,40,16,4
"87","4169a456a",398,15,20,19,40,24,43,50,36,53,46,52,846,84,130,135,16,8,45,52,41,39,53,43,42,19,17
"88","42ec289c2",20,13,0,3,2,0,2,0,0,0,0,0,253,52,95,75,8.5,NA,NA,NA,NA,NA,NA,43,30,15,13
"89","6e838ee66",388,15,19,12,7,40,41,47,47,55,50,55,771,48,95,140,10.6666666666667,6.5,42,39,41,45,47,68,54,23,23
"90","264470090",260,15,0,10,19,37,36,48,25,48,9,13,610,60,120,91,0,NA,NA,NA,NA,NA,NA,NA,NA,NA,NA
"91","d4b6cbfee",437,15,17,18,39,43,45,50,47,55,53,55,935,68,150,180,6.5,12.3333333333333,41,41,45,29,43,46,56,23,28
"92","6e9c01d7b",358,15,20,19,27,43,37,47,47,0,51,52,757,64,120,115,1,6,37,38,46,NA,39,56,43,18,28
"93","85add6493",357,13,3,2,17,28,45,47,48,53,50,51,750,64,95,155,2.33333333333333,0,40,42,NA,NA,40,19,8,24,28
"94","8cf7f9d5c",128,13,14,0,32,17,15,37,0,0,0,0,180,52,0,0,NA,NA,NA,NA,NA,NA,NA,NA,NA,NA,NA
"95","d146e4959",420,15,20,20,30,38,45,44,50,55,50,53,915,80,135,180,14.5,15,35,50,45,37,54,40,44,20,23
"96","24ea85abe",387,13,19,8,37,43,40,50,46,55,48,28,793,76,115,116,2.5,1.66666666666667,NA,NA,NA,NA,NA,40,53,24,28
"97","1736a087c",364,14,18,16,25,44,45,21,36,53,37,55,732,68,100,100,4,4.33333333333333,42,54,54,50,NA,47,45,17,23
"98","1b38a391d",405,0,13,0,40,44,44,50,49,55,55,55,912,92,145,170,14,12.8333333333333,49,43,46,34,43,58,52,25,28
"99","1fd866d99",389,15,19,20,40,42,45,50,0,55,50,53,763,80,140,125,10.6666666666667,12.1666666666667,21,45,34,52,38,33,22,13,26
"100","4e288e664",437,15,19,17,38,44,41,50,50,55,53,55,907,80,120,170,10,7,42,43,37,NA,44,NA,NA,NA,NA
"101","a9ee3e70d",51,13,19,5,14,0,0,0,0,0,0,0,121,0,0,0,10.5,NA,NA,NA,NA,NA,NA,57,46,24,28
"102","b7eafe7ea",446,15,17,20,40,44,45,50,50,55,55,55,871,80,125,120,13.5,13,33,46,59,45,39,43,39,20,22
"103","ba6bc4452",442,15,20,20,39,45,45,50,50,54,49,55,917,80,145,150,11.5,13.3333333333333,18,49,45,35,43,43,48,24,13
"104","cba724061",381,15,20,16,0,44,43,50,40,53,49,51,824,72,150,121,7,1.66666666666667,32,NA,39,39,38,44,38,17,18
"105","88e4405f4",450,15,20,20,40,45,45,50,50,55,55,55,923,88,125,160,11,15,50,56,62,62,54,43,24,16,19
"106","d69d7e7d7",405,14,18,17,32,21,39,50,50,54,55,55,860,68,120,170,17.5,17,32,NA,42,38,NA,50,46,15,21
"107","ca5954722",206,14,20,14,11,42,0,2,5,54,44,0,342,56,80,0,4.33333333333333,9.5,42,58,35,NA,43,48,33,15,28
"108","bb965e6da",450,15,20,20,40,45,45,50,50,55,55,55,905,80,110,165,NA,1.66666666666667,43,53,50,38,51,25,45,10,20
"109","a9bb9d78e",438,14,15,17,38,45,45,50,50,55,54,55,834,76,100,120,6.33333333333333,15,49,54,51,49,56,42,35,17,19
"110","d6dc5ac0e",385,15,20,17,36,44,45,50,40,54,19,45,864,84,130,165,5.83333333333333,9,20,50,NA,NA,39,60,41,20,18
"111","741fabc98",360,14,20,19,40,44,40,30,35,53,51,14,760,64,95,141,14,NA,42,42,44,54,46,NA,NA,NA,NA
"112","a4366f779",420,14,20,20,38,45,45,40,46,53,54,45,743,52,105,66,10.3333333333333,11.5,34,45,NA,NA,41,49,56,24,27
"113","909dd45cd",438,15,20,19,40,45,43,48,50,54,49,55,890,72,125,155,6.66666666666667,12,41,55,51,51,63,49,36,17,21
"114","fff646a5e",345,15,20,18,34,39,45,30,45,32,12,55,761,80,130,106,11.3333333333333,10,38,61,51,41,51,59,51,24,24
"115","e9c573464",405,15,15,19,40,44,45,50,49,54,39,35,854,84,145,120,11.3333333333333,8.66666666666667,40,39,45,43,NA,51,39,20,22
"116","0bff81f00",153,15,13,16,24,43,0,27,5,10,0,0,397,68,90,86,10.5,12,39,41,52,56,50,56,48,20,21
"117","5d6a90065",443,15,20,20,40,45,45,50,44,55,54,55,864,76,125,130,11,NA,NA,NA,NA,NA,NA,51,49,22,24
"118","a5e68bd47",196,15,20,13,11,7,10,20,10,54,16,20,533,64,95,81,8.33333333333333,19,40,44,50,48,41,41,36,18,21
"119","950b8d8a4",450,15,20,20,40,45,45,50,50,55,55,55,919,84,135,150,14.5,20,50,48,55,47,61,52,48,21,20
"120","51c445767",423,14,16,19,37,45,43,50,50,55,39,55,847,76,120,128,8,0,53,51,63,57,NA,49,43,22,27
"121","a3662248a",450,15,20,20,40,45,45,50,50,55,55,55,922,72,140,160,15,5,23,24,34,51,38,27,40,15,20
"122","cf838ac04",440,15,20,19,40,44,45,48,50,50,54,55,952,92,150,170,19,18,39,43,41,33,60,50,46,25,15
"123","598e450f1",433,15,20,20,40,45,45,50,50,55,38,55,880,76,125,146,9,0,34,43,49,44,39,55,54,24,28
"124","294364405",0,0,0,0,0,0,0,0,0,0,0,0,0,0,0,0,NA,NA,NA,NA,NA,NA,NA,NA,NA,NA,NA
"125","78f38cc6f",379,14,17,19,37,45,45,37,47,51,28,39,770,56,125,110,15.3333333333333,13,61,66,53,46,61,51,46,23,14
"126","f84a27d30",438,15,20,20,40,40,42,50,48,55,55,53,960,92,145,185,17.1666666666667,13.1666666666667,28,33,49,15,49,57,56,21,23
"127","7e83c374a",371,14,20,19,26,38,40,25,48,53,38,50,732,60,110,91,14.5,12,37,51,64,41,60,47,36,17,23
"128","0c10e7712",415,14,20,20,37,43,43,50,45,50,38,55,858,92,100,151,11,11,41,29,48,45,53,54,44,19,24
"129","cf175341d",390,12,19,12,36,38,35,46,44,49,46,53,808,92,115,121,9,1,40,40,40,40,40,44,42,17,17
"130","d8eb6f09d",403,13,20,18,37,34,39,50,45,49,46,52,871,88,115,175,13,20.5,31,49,52,32,50,39,37,19,17
"131","701918e3b",412,14,20,12,38,41,41,50,42,53,50,51,904,92,135,165,8.33333333333333,15.3333333333333,38,46,38,46,39,56,53,28,27
"132","26dc5cf0c",421,14,20,20,40,43,36,44,50,53,46,55,813,76,120,96,16,20,43,53,39,49,67,48,43,23,20
"133","fbf808e18",398,14,20,20,7,40,43,50,50,55,45,54,789,88,120,125,10,15.5,37,51,46,48,49,50,37,14,20
"134","491822bdc",219,12,17,18,7,38,36,41,5,11,0,34,410,60,60,60,NA,10.8333333333333,41,56,44,NA,42,NA,NA,NA,NA
"135","82f2228ab",313,14,16,11,32,5,42,29,23,54,35,52,708,76,120,116,12,17,44,55,35,40,50,25,28,21,20
"136","02ae7806d",4,0,4,0,0,0,0,0,0,0,0,0,44,40,0,0,10.1666666666667,NA,NA,NA,NA,NA,NA,43,14,10,17
"137","18b68aa83",342,14,20,18,28,21,36,36,42,48,34,45,673,68,105,86,NA,0,47,57,45,43,57,NA,NA,NA,NA
"138","499b9c4e8",396,14,19,19,30,39,43,50,45,53,29,55,825,64,130,135,7.66666666666667,10.3333333333333,46,58,59,55,52,50,34,17,15
"139","2eeb5834c",438,14,20,20,40,44,43,50,47,53,55,52,960,92,145,185,8,14,40,47,54,46,51,57,44,24,24
"140","1a9ac0183",230,0,0,0,31,41,15,20,15,37,31,40,643,68,130,116,8.5,NA,NA,NA,NA,NA,NA,60,48,15,24
"141","335e71e7a",434,12,18,18,40,42,45,50,48,55,52,54,927,88,140,165,12,12,44,43,38,36,44,34,39,15,28
"142","177ddb261",270,12,10,9,18,28,25,26,0,39,49,54,555,60,105,120,9,11,41,40,39,44,40,55,40,21,25
"143","eceb4c941",419,13,20,17,38,42,41,47,48,53,48,52,861,72,120,150,6,10.6666666666667,30,32,43,48,29,34,32,16,28
"144","f91fb9454",362,13,6,0,28,18,40,50,50,50,52,55,815,68,130,155,2,11.5,38,44,42,47,41,40,32,16,16
"145","b792b9672",406,14,15,19,22,45,45,44,45,55,47,55,844,84,125,130,12.5,8,49,54,44,45,46,44,36,25,21
"146","195c6e79d",446,15,19,20,40,44,45,48,50,55,55,55,860,64,110,140,20,10,47,46,46,32,58,60,53,23,12
"147","e6831b204",417,15,15,18,22,45,45,50,50,54,52,51,875,84,125,150,6.33333333333333,17.5,46,55,36,46,56,56,38,14,28
"148","981d09243",343,13,20,15,0,44,40,23,36,46,51,55,739,60,105,131,14.8333333333333,5.5,44,50,34,45,49,NA,NA,NA,NA
"149","6f45729db",419,15,20,20,32,45,43,48,49,50,42,55,807,88,105,95,10.3333333333333,8.33333333333333,39,61,42,61,57,40,47,18,17
"150","902c49845",445,15,20,19,40,45,45,50,50,55,51,55,894,88,105,156,3.66666666666667,13,38,44,62,51,48,61,54,28,23
"151","54fd144b7",430,9,20,18,38,43,43,50,50,55,49,55,894,84,140,140,10,1.33333333333333,52,40,46,50,46,45,50,20,26
"152","109f58e5c",447,14,19,20,40,44,45,50,50,55,55,55,931,84,140,160,5,7.5,39,61,63,54,46,44,44,23,26
"153","dd75bd2d0",448,15,20,20,40,45,45,48,50,55,55,55,864,76,110,130,15,16.5,26,56,49,NA,52,56,29,18,28
"154","793c35f77",448,14,19,20,40,45,45,50,50,55,55,55,890,88,135,120,10.5,22,45,41,52,59,48,47,40,26,15
"155","d5ab297ce",327,12,20,20,32,0,41,50,50,55,0,47,707,88,110,90,8,18,40,48,40,42,49,65,55,28,24
"156","c3b122494",405,14,18,15,22,45,45,50,50,55,36,55,781,56,110,110,8,1,37,42,63,48,46,40,32,16,16
"157","6f2023cdd",54,15,20,14,5,0,0,0,0,0,0,0,116,40,0,0,3.33333333333333,NA,NA,NA,NA,NA,NA,45,28,23,20
"158","17a693ef1",446,15,20,20,40,45,45,50,50,55,51,55,870,88,135,101,15,18,42,41,50,60,37,37,36,10,17
"159","3b5e669bd",441,15,20,18,40,42,45,50,46,55,55,55,865,76,115,133,17,19,61,49,63,51,58,48,53,28,27
"160","204cd17c6",291,15,17,20,22,21,39,28,28,10,44,47,628,52,105,80,12,20,36,52,51,22,51,39,31,21,19
"161","6417153f4",416,15,16,18,40,45,44,43,50,52,44,49,846,80,135,115,7,17.5,53,59,59,61,50,44,40,20,24
"162","1c7959216",439,15,20,14,40,45,45,50,48,55,52,55,930,96,140,155,10,9,NA,NA,NA,NA,NA,46,38,19,28
"163","b752208d2",421,15,20,17,36,39,42,50,48,54,45,55,866,80,130,135,5.66666666666667,8.33333333333333,41,57,41,41,23,42,31,13,26
"164","1270eac93",374,15,20,12,40,45,45,50,50,0,42,55,763,64,115,110,0,5,40,40,40,40,40,40,32,16,16
"165","06ddfb1b5",293,15,20,14,22,45,39,38,0,0,45,55,687,68,110,116,3.33333333333333,9.33333333333333,57,55,48,53,44,34,43,13,17
"166","cd53b5379",388,15,16,14,38,25,36,48,45,49,47,55,713,60,90,75,2,9.66666666666667,36,60,29,24,56,NA,NA,NA,NA
"167","b909c342c",430,12,16,18,38,44,43,49,49,51,55,55,877,84,125,141,14.1666666666667,19,33,53,65,54,51,40,32,16,16
"168","efbd5de2b",441,15,20,18,40,45,45,50,50,54,49,55,900,88,130,141,12.5,12.3333333333333,37,53,NA,NA,53,63,44,19,23
"169","e6c168f4e",446,15,20,20,40,45,45,50,49,55,52,55,913,92,140,135,3.33333333333333,9.33333333333333,25,55,43,54,59,63,54,28,28
"170","120063289",343,13,19,0,31,35,37,45,18,46,44,55,722,64,105,110,3,6.5,32,34,49,43,31,52,41,24,21
"171","2e743ed41",339,14,18,13,35,27,34,45,24,50,40,39,754,68,100,155,NA,0,NA,NA,NA,NA,NA,NA,NA,NA,NA
"172","1173fd1a3",448,15,20,20,40,44,45,50,50,55,54,55,940,92,140,160,6,4.66666666666667,35,48,51,41,35,49,44,17,28
"173","4fbe55a65",410,14,18,18,37,44,41,44,38,51,51,54,822,92,105,116,11.5,8.66666666666667,37,35,NA,NA,44,24,48,22,24
"174","08be8c8d7",435,13,14,20,40,45,44,50,49,54,51,55,889,64,130,160,1.83333333333333,0,36,NA,40,38,43,29,36,17,16
"175","b01be0e95",116,13,16,8,0,12,21,20,14,12,0,0,386,48,95,80,6.33333333333333,0,40,NA,39,NA,36,57,44,14,23
"176","5dbdb088e",438,15,19,17,40,45,44,50,48,54,52,54,802,68,90,111,NA,4.33333333333333,51,53,43,48,52,NA,NA,NA,NA
"177","e8752dcd9",138,11,17,9,36,15,7,19,8,16,0,0,334,60,70,66,0.666666666666667,5.66666666666667,40,40,40,40,40,30,40,12,24
"178","896e89ab3",365,10,18,11,35,22,44,40,50,55,40,40,695,40,95,100,8,4,44,63,58,39,61,60,56,19,28
"179","84aa34890",434,13,19,16,39,45,42,49,48,54,55,54,707,72,95,106,7.33333333333333,NA,NA,NA,NA,NA,NA,47,41,22,21
"180","dda8d4944",406,13,19,0,35,44,43,50,48,55,44,55,798,72,105,115,6.33333333333333,13,40,44,50,59,47,45,38,19,22
"181","81ce325f6",438,15,19,20,40,43,45,49,50,55,47,55,925,92,140,155,10,12.5,41,38,61,52,54,58,52,27,28
"182","5abdafcb5",247,0,17,10,19,45,19,37,14,51,9,26,619,72,95,110,17,15,29,44,35,29,56,41,38,19,25
"183","dcbc6d4c8",442,12,20,17,40,44,45,49,50,55,55,55,900,88,115,155,5,10.5,37,44,40,39,NA,38,33,17,21
"184","4344f39e4",391,13,20,11,16,28,42,48,50,55,54,54,727,68,100,68,6,2.33333333333333,43,47,34,45,35,20,16,8,8
"185","3a361953d",436,15,13,20,40,42,43,49,50,54,55,55,921,80,145,160,8,10,39,43,42,33,44,40,32,16,16
"186","48bc82ca1",415,15,17,18,34,41,38,50,47,55,47,53,847,68,120,145,14,21,39,49,41,20,45,42,51,26,26
"187","1f43b9f8d",440,15,20,20,36,44,43,50,50,52,55,55,845,84,130,110,13,7,47,64,47,66,51,43,36,18,13
"188","835411f46",158,15,20,19,35,45,17,7,0,0,0,0,578,72,130,121,13.3333333333333,15,33,51,56,50,52,41,47,20,21
"189","c883d6890",427,13,16,11,38,45,45,50,49,52,53,55,835,68,90,150,5.66666666666667,8,49,47,35,44,52,45,28,18,21
"190","25402dc3b",369,14,14,0,36,37,44,43,45,50,32,54,783,72,115,130,NA,4.33333333333333,40,43,44,39,39,NA,NA,NA,NA
"191","98dc4b58e",437,15,19,18,39,43,45,50,50,55,50,53,930,88,140,165,12,18,39,43,51,45,43,48,41,16,16
"192","23344c434",366,14,15,20,32,42,44,21,50,55,49,24,819,88,130,135,12,19,42,44,46,50,39,45,48,15,23
"193","486ea6d06",444,15,18,20,40,42,45,49,50,55,55,55,913,84,145,140,NA,12,21,57,54,47,33,NA,NA,NA,NA
"194","13603566d",436,14,18,20,40,45,45,49,50,55,45,55,860,88,130,106,19.5,16.6666666666667,40,52,50,46,49,35,55,25,23
"195","f56250cb8",419,13,20,0,40,41,45,50,47,55,53,55,854,80,105,150,5.33333333333333,12,28,61,62,55,62,62,50,21,9
"196","a75e94028",445,15,20,20,40,45,40,50,50,55,55,55,939,84,145,165,20.5,19.5,28,59,54,22,53,60,49,23,25
"197","de0c8085d",352,14,3,6,33,41,40,28,33,47,52,55,759,76,130,101,8,10,43,58,38,27,50,50,47,22,24
"198","76c4af435",429,14,20,20,40,43,45,50,48,52,42,55,922,88,125,180,7.5,13.3333333333333,36,55,54,46,45,43,46,16,18
"199","8c6488de1",428,13,19,18,37,44,43,49,46,54,54,51,870,92,120,131,21.5,21.5,41,NA,45,43,59,57,56,25,26
"200","023c086d7",410,14,18,14,38,44,36,48,45,49,51,53,744,56,85,93,4,5,39,NA,36,49,29,62,44,23,19
"201","dc1ad9b92",376,14,17,18,36,40,18,39,48,42,52,52,703,72,85,70,5.66666666666667,14,38,52,45,41,45,44,40,19,22
"202","d0da3256b",390,13,17,18,11,43,44,50,42,52,45,55,743,80,85,88,9.33333333333333,10.3333333333333,NA,NA,NA,NA,NA,49,45,22,24
"203","efd18e475",359,13,0,4,26,16,45,50,47,52,51,55,736,72,95,110,8.66666666666667,9,47,55,49,NA,43,51,45,19,23
"204","e4cfb0d14",278,14,9,8,6,42,43,9,47,51,49,0,645,52,90,125,8.83333333333333,7,40,36,38,49,33,61,38,20,19
"205","e96b1c243",318,12,17,18,29,41,42,15,28,38,37,41,726,80,145,111,11.5,16.5,35,42,37,22,44,48,27,11,17
"206","10b56673c",49,15,20,0,14,0,0,0,0,0,0,0,382,48,125,160,9.33333333333333,13.5,55,39,NA,NA,45,41,21,12,24
"207","260ea553a",401,14,18,20,17,39,41,48,46,51,52,55,812,72,110,130,19.5,13,56,63,25,38,52,34,34,14,22
"208","340a54d77",445,15,20,20,40,45,43,49,48,55,55,55,698,76,75,71,6,20,29,48,46,34,41,NA,NA,NA,NA
"209","62af21c3a",432,15,20,18,24,45,45,50,50,55,55,55,809,72,80,125,8.83333333333333,8.66666666666667,50,54,49,41,NA,53,41,24,28
"210","bb500bf9b",335,15,20,0,40,0,45,25,35,55,50,50,703,60,120,88,10,12.3333333333333,24,46,45,42,42,50,41,20,20
"211","39ec8534b",335,15,20,0,24,37,41,44,48,55,51,0,673,56,65,120,NA,0,NA,NA,NA,NA,NA,50,39,19,19
"212","96c721708",354,15,0,0,0,39,45,50,45,55,50,55,722,64,120,135,1,2,36,47,39,38,41,55,47,25,28
"213","6abb0ea44",394,15,20,0,9,43,45,50,50,55,52,55,721,52,80,95,11,8.16666666666667,29,61,61,56,54,60,56,25,22
"214","ac844f67b",444,15,20,18,40,42,45,50,50,55,54,55,871,72,130,128,13,0,58,55,46,55,58,53,56,23,18
"215","d4dc3c390",420,15,20,19,40,45,45,50,50,55,26,55,761,36,85,120,6,13.5,21,52,52,34,38,42,47,25,28
"216","3cc95498d",428,15,18,16,28,45,45,50,50,55,53,53,844,52,115,150,9.66666666666667,10.3333333333333,40,53,56,54,49,45,46,20,25
"217","9e107fbfd",428,15,20,19,36,41,41,50,50,55,48,53,753,60,105,85,16.5,15,24,31,43,56,49,50,49,23,27
"218","4f594a408",450,15,20,20,40,45,45,50,50,55,55,55,964,84,150,180,16.3333333333333,12,52,49,61,61,53,43,37,18,22
"219","3558ff994",444,15,20,19,36,45,45,49,50,55,55,55,879,56,120,160,10.3333333333333,10,42,56,45,47,49,48,48,23,19
"220","2468c726d",444,15,20,15,40,45,45,50,50,55,54,55,934,80,145,165,11,17,42,57,59,38,52,67,54,27,27
"221","7365133b9",358,15,20,17,40,41,41,50,49,55,0,30,527,32,40,0,7.66666666666667,6,39,39,42,40,44,64,49,28,26
"222","9b417dc0b",408,15,20,20,40,21,35,49,50,55,53,50,814,76,105,125,2.16666666666667,2,32,51,41,50,42,28,36,11,25
"223","a3d70f90c",396,15,20,20,40,10,45,48,43,55,45,55,828,88,115,130,17,6,33,55,54,34,67,55,46,23,26
"224","d71e487e5",398,14,4,13,36,42,44,42,48,55,45,55,764,64,105,100,12.6666666666667,13,52,49,29,42,45,46,22,11,22
"225","dc6bf99f9",299,12,8,0,16,7,13,41,44,52,51,55,760,76,130,155,0,12.5,42,50,38,30,52,NA,NA,NA,NA
"226","ecc7780d6",343,0,18,0,40,45,44,0,46,46,49,55,798,76,115,165,NA,6,NA,NA,NA,NA,NA,NA,NA,NA,NA
"227","d00fdcc75",231,13,6,9,5,12,0,13,13,51,54,55,566,40,90,105,8,11,45,43,41,33,44,51,56,28,25
"228","6a1164a8e",403,15,20,14,19,45,42,42,43,55,53,55,837,84,125,125,12.5,6,49,54,52,39,47,39,48,23,28
"229","5560c32c7",391,15,16,16,17,42,39,48,45,55,43,55,828,76,140,121,5,8.5,30,55,39,18,39,45,35,25,18
"230","d72185c5c",96,14,11,9,8,0,8,46,0,0,0,0,323,52,85,70,4,NA,NA,NA,NA,NA,NA,56,56,27,22
"231","e57214747",59,14,7,3,0,13,2,8,7,5,0,0,345,32,85,70,8,11.5,34,53,44,47,43,49,47,19,24
"232","fc15fa5c3",383,13,20,17,40,35,38,36,48,52,29,55,813,80,120,131,11.5,8.33333333333333,50,62,52,60,55,35,35,19,20
"233","0617cea06",355,13,20,20,30,28,32,47,43,55,47,20,736,76,90,115,9.66666666666667,15,35,45,41,29,45,49,39,17,26
"234","5368849c1",426,14,18,13,37,43,45,50,44,55,52,55,838,72,95,145,7.66666666666667,5.83333333333333,38,54,55,40,48,58,52,19,28
"235","22bbb9640",432,15,20,20,40,43,45,50,44,52,48,55,889,92,120,145,8,NA,NA,NA,NA,NA,NA,47,26,18,20
"236","e41758c6b",256,14,14,11,3,1,34,20,40,43,27,49,683,76,130,121,NA,3,39,44,NA,NA,NA,NA,NA,NA,NA
"237","396664cab",386,14,0,11,30,40,45,47,46,55,52,46,819,60,130,148,NA,3.33333333333333,61,64,33,52,61,NA,NA,NA,NA
"238","3ce29eb39",345,13,19,17,29,24,35,26,48,55,24,55,750,84,110,111,NA,10,43,44,26,35,55,NA,NA,NA,NA
"239","6c2fad84a",338,13,19,13,31,43,22,33,0,54,55,55,795,92,110,155,7.5,9.16666666666667,39,39,38,44,40,40,32,16,16
"240","5fbf38573",419,15,20,20,40,45,45,48,38,55,38,55,849,80,115,135,8.66666666666667,11.6666666666667,38,40,40,40,41,47,44,20,26
"241","46d9d647c",416,13,14,18,40,36,40,47,46,55,52,55,888,92,120,160,5.5,2.33333333333333,40,40,40,40,40,40,32,16,28
"242","c62311817",324,0,18,16,40,18,4,23,46,49,55,55,720,64,80,155,NA,16.5,40,40,40,40,40,NA,NA,NA,NA
"243","b9080f814",402,13,15,20,0,44,45,50,50,55,55,55,831,64,135,130,3.33333333333333,17.6666666666667,NA,NA,NA,NA,NA,40,32,16,16
"244","fbf42d717",389,13,18,20,22,37,34,45,41,51,55,53,745,64,95,111,16,18.5,51,54,46,61,56,50,51,24,22
"245","1ffaf2466",420,15,20,19,40,22,44,50,45,55,55,55,910,80,135,175,15.5,18,37,57,45,36,47,65,35,21,20
"246","04be82dd4",36,13,13,10,0,0,0,0,0,0,0,0,100,64,0,0,NA,NA,NA,NA,NA,NA,NA,NA,NA,NA,NA
"247","ffc0b46b2",441,14,20,20,40,39,43,50,50,55,55,55,835,76,100,121,12,12,NA,NA,NA,NA,NA,52,45,25,24
"248","b9b48b861",439,14,20,18,40,45,45,50,48,49,55,55,878,64,135,140,3.66666666666667,5.83333333333333,44,59,55,50,45,48,35,19,22
"249","7175eba11",449,14,20,20,40,45,45,50,50,55,55,55,906,92,135,130,13,18,26,NA,45,43,56,54,42,20,24
"250","d73765b98",382,15,17,18,25,45,45,50,34,53,55,25,760,68,110,105,6.5,9.5,59,57,53,46,54,NA,NA,NA,NA
"251","e0b930b73",448,14,20,20,40,45,44,50,50,55,55,55,904,76,120,160,4.83333333333333,3.33333333333333,33,36,53,35,53,59,50,21,25
"252","34ed21ac3",449,14,20,20,40,45,45,50,50,55,55,55,953,84,145,175,16,19.5,22,38,45,43,48,39,43,21,22
"253","20e4c7788",3,3,0,0,0,0,0,0,0,0,0,0,3,0,0,0,4.5,NA,NA,NA,NA,NA,NA,50,24,17,18
"254","b05860a09",382,14,20,20,40,31,42,38,31,51,45,50,745,56,80,135,16,21.5,58,58,45,46,66,59,23,26,17
"255","e1c465493",46,0,12,8,11,0,1,6,5,3,0,0,222,56,55,65,4.83333333333333,12,35,63,51,63,51,42,41,16,26
"256","e7461d6c7",383,14,12,20,32,28,39,48,40,51,46,53,825,72,135,135,1.66666666666667,8.5,40,40,45,40,46,61,56,28,28
"257","014a25f3a",278,14,7,20,36,31,3,50,20,48,46,3,720,72,125,145,NA,13,35,24,41,29,67,NA,NA,NA,NA
"258","1654d7730",391,14,20,18,30,31,28,50,38,55,52,55,826,80,115,140,15.5,19,36,45,49,53,45,43,49,19,22
"259","bfb9a73bf",46,13,20,0,7,0,0,6,0,0,0,0,186,40,35,65,2,NA,NA,NA,NA,NA,NA,NA,NA,NA,NA
"260","b0f1726f3",444,14,20,20,40,45,45,50,50,55,50,55,959,100,145,170,9.5,9.66666666666667,46,59,46,42,42,NA,NA,NA,NA
"261","c814b6f9e",449,14,20,20,40,45,45,50,50,55,55,55,932,88,140,155,12.8333333333333,7,20,55,57,42,45,53,32,27,21
"262","1e6baccda",440,13,19,20,40,41,43,50,50,54,55,55,868,72,130,126,13,12,59,34,37,28,47,49,41,16,25
"263","fa5e844b8",318,15,13,8,0,0,43,38,43,54,50,54,673,48,90,120,0.666666666666667,2,39,55,52,37,49,49,46,22,28
"264","29a7d977f",44,14,17,7,6,0,0,0,0,0,0,0,120,36,40,0,3.33333333333333,NA,NA,NA,NA,NA,NA,70,56,28,28
"265","619ed3832",414,13,20,12,30,43,40,49,48,54,50,55,819,76,120,125,7,17,52,46,46,51,48,36,36,17,16
"266","910564955",402,14,20,9,21,40,45,48,47,49,54,55,805,88,85,130,6,4,44,51,40,46,38,57,48,25,28
"267","73d490e17",432,14,20,16,29,45,45,50,50,55,55,53,851,68,140,155,10.6666666666667,17.5,29,55,44,25,52,NA,NA,NA,NA
"268","fa3c211e7",434,15,20,13,38,45,45,50,50,51,53,54,909,88,135,155,1.66666666666667,0,41,52,44,49,46,65,50,28,28
"269","db306953a",439,15,20,19,39,45,45,47,50,53,52,54,941,92,150,160,15.5,19.5,51,57,48,38,50,46,46,20,27
"270","eac0e8fb4",440,15,19,12,40,45,45,49,50,55,55,55,837,72,105,121,17,12,35,47,50,50,45,45,45,20,18
"271","6196be449",385,15,18,19,39,42,45,43,47,44,20,53,785,80,105,131,12,0,NA,NA,NA,NA,NA,40,34,16,16
"272","60d6e5ccd",257,15,15,12,26,30,10,49,0,34,20,46,578,64,85,80,11,13.3333333333333,57,52,58,60,53,38,36,15,19
"273","a429d0a42",405,15,17,17,40,28,27,50,47,55,54,55,770,60,105,100,4,7.16666666666667,54,34,47,36,66,61,52,23,28
"274","0e5ac1400",428,15,19,0,39,45,45,50,50,55,55,55,822,64,95,135,8.16666666666667,3.83333333333333,26,27,62,20,54,37,33,15,16
"275","5b6e31884",437,15,17,12,40,44,45,50,49,55,55,55,820,48,110,125,6.33333333333333,8.33333333333333,63,62,35,38,49,45,36,18,28
"276","3203aac25",433,15,19,19,29,42,45,50,50,54,55,55,830,72,110,125,17,22,43,43,36,39,40,38,30,17,28
"277","86ba5589a",436,15,19,20,40,45,40,45,50,55,52,55,915,88,150,141,7,3,33,54,44,46,39,47,37,20,19
"278","9a6e16998",431,15,15,14,38,45,45,46,50,55,53,55,931,80,145,175,17,17,46,60,60,58,56,47,40,20,20
"279","c60131578",428,15,16,17,35,45,45,50,48,55,52,50,829,76,105,120,10.1666666666667,17,44,55,58,42,53,53,48,24,18
"280","55e9e16a5",434,15,19,12,39,44,45,50,50,55,50,55,748,64,100,60,9.5,NA,20,48,49,21,35,43,27,17,19
"281","ac12f4951",385,15,17,19,39,44,45,50,50,54,52,0,870,100,150,170,4.33333333333333,2,40,40,40,40,40,40,32,16,16
"282","26768ed0a",448,15,20,19,39,45,45,50,50,55,55,55,902,80,135,140,18,16,25,58,49,51,44,37,51,18,21
"283","3878faa2e",396,0,19,14,27,43,43,47,42,54,52,55,819,72,135,116,10.3333333333333,15.5,41,51,34,36,49,NA,NA,NA,NA
"284","02559c2fa",376,0,18,6,22,45,42,44,38,54,52,55,777,56,100,145,1.66666666666667,0,44,50,35,45,47,30,33,18,16
"285","d30af3814",448,15,19,19,40,45,45,50,50,55,55,55,947,84,135,180,14,10,24,57,58,54,38,39,45,16,26
"286","2fb92df3a",443,15,19,18,39,45,45,50,50,54,54,54,837,64,110,120,4,4.66666666666667,40,43,41,41,42,16,16,4,4
"287","69e7de2f0",440,15,20,18,40,45,45,50,50,52,50,55,710,0,115,155,NA,19,37,58,49,57,61,NA,NA,NA,NA
"288","b8187be9a",422,15,20,20,30,41,41,50,45,52,53,55,850,72,120,136,15.3333333333333,14,23,36,37,56,50,39,39,20,20
"289","034da39ee",405,15,18,17,40,45,44,22,49,55,45,55,892,92,140,155,14,20,40,59,23,35,49,42,31,16,15
"290","587263f5a",13,13,0,0,0,0,0,0,0,0,0,0,134,56,65,0,0.666666666666667,1.33333333333333,40,40,40,40,40,60,55,21,27
"291","059cc6e5d",428,15,16,18,37,45,43,50,42,55,54,53,839,76,100,136,7.83333333333333,15,32,44,46,37,40,70,48,28,27
"292","4dded44ef",439,15,18,17,39,45,45,50,50,53,52,55,865,80,105,141,3,0,40,40,40,40,40,57,44,24,24
"293","91f3d7a95",439,15,20,17,39,45,45,50,46,52,55,55,932,88,145,160,4.66666666666667,9.66666666666667,32,57,51,37,36,28,39,10,28
"294","b826ae224",185,14,16,7,0,9,14,48,35,0,37,5,526,52,90,100,13.5,9.83333333333333,62,56,58,52,57,42,45,19,22
"295","55b0e2dd7",405,15,20,20,40,45,45,49,50,47,19,55,770,84,95,91,6.33333333333333,10.3333333333333,45,40,46,59,47,40,47,15,19
"296","a3dcd6d76",335,15,20,8,33,19,43,43,43,43,35,33,702,68,120,86,10,17,28,52,41,54,37,45,39,28,21
"297","a5e95f77b",419,15,20,0,38,45,45,50,49,48,54,55,769,64,95,91,7,14,49,40,34,55,46,33,42,19,24
"298","e903f5821",67,14,19,12,0,0,22,0,0,0,0,0,199,52,80,0,4.33333333333333,NA,NA,NA,NA,NA,NA,43,32,18,23
"299","0446f10ed",427,15,16,16,32,45,42,49,50,52,55,55,885,68,135,155,6.33333333333333,10.1666666666667,54,44,48,53,47,NA,NA,NA,NA
"300","07aeec7fd",398,15,20,10,39,41,42,49,48,49,30,55,796,68,130,100,13.8333333333333,16,31,53,48,45,48,51,45,23,17
"301","4d740d886",356,0,14,17,30,45,38,48,15,48,48,53,725,64,120,85,0,16.8333333333333,53,59,33,48,52,NA,NA,NA,NA
"302","418022ae5",446,15,20,20,40,45,42,50,49,55,55,55,887,80,140,121,6.33333333333333,9,49,60,67,50,56,49,48,17,26
"303","ebcfe3bf0",423,15,20,13,39,32,42,50,50,52,55,55,848,80,115,130,12,12.5,42,59,NA,NA,41,53,41,20,21
"304","d5c41dbd3",339,15,20,11,28,45,12,39,50,49,35,35,744,80,115,110,12,7,26,52,27,28,53,36,34,17,23
"305","fb1e98b54",416,15,20,13,30,43,45,47,50,49,52,52,803,64,95,131,15.5,18,41,59,54,39,45,34,41,16,25
"306","1c42daeb5",436,15,20,16,40,45,45,50,50,55,45,55,920,80,140,165,7.33333333333333,0,NA,NA,NA,NA,NA,46,48,21,24
"307","9e0c9baf1",437,15,15,13,39,45,45,50,50,55,55,55,892,80,140,135,12,10,29,48,53,44,42,44,41,18,18
"308","d3470787a",442,15,20,20,40,40,45,50,50,55,52,55,851,84,105,120,13.3333333333333,9.33333333333333,30,29,56,59,55,35,56,25,25
"309","6f9e1ca5c",410,15,20,14,40,38,41,50,50,50,37,55,838,72,130,126,10,NA,NA,NA,NA,NA,NA,38,56,16,26
"310","54714d2f8",432,15,20,14,28,45,45,50,50,55,55,55,851,84,135,100,11.5,NA,NA,NA,NA,NA,NA,45,51,25,25
"311","36353a332",105,15,18,10,17,0,23,22,0,0,0,0,299,52,65,48,1.33333333333333,0,39,40,38,40,38,NA,NA,NA,NA
"312","ed5743016",363,15,17,14,30,45,40,18,21,55,53,55,736,68,90,115,12,12,34,54,47,33,51,58,48,24,24
"313","59434755c",378,15,20,14,38,42,27,14,50,55,48,55,727,64,90,105,15,15.5,34,49,61,45,63,43,48,20,22
"314","3b06292d8",441,15,20,20,40,39,45,50,50,55,52,55,968,92,145,190,16.5,15,26,38,57,55,42,30,48,20,22
"315","18a7df0a8",0,0,0,0,0,0,0,0,0,0,0,0,0,0,0,0,NA,NA,NA,NA,NA,NA,NA,NA,NA,NA,NA
"316","c3daa32b2",430,15,20,20,40,38,35,50,49,53,55,55,749,48,90,81,6.33333333333333,10.5,32,55,48,49,33,40,48,24,26
"317","a2c87cd8f",150,15,20,10,10,34,7,35,10,9,0,0,380,60,85,85,15,14.5,39,48,40,47,44,33,39,16,16
"318","cdc693a82",145,15,20,0,12,3,20,36,0,0,0,39,503,88,90,96,11,13,32,51,52,43,45,39,41,16,20
"319","a8372e652",319,15,20,10,5,17,37,34,27,55,44,55,596,56,100,121,14,5.33333333333333,58,65,43,54,58,51,52,25,23
"320","cabfe01d5",430,15,20,14,38,41,42,50,50,55,50,55,834,84,115,105,7,11,15,22,57,37,38,44,34,17,19
"321","725840619",332,0,20,14,30,35,34,50,25,55,30,39,670,60,110,68,6.33333333333333,NA,NA,NA,NA,NA,NA,27,25,15,25
"322","9e7a77bc0",344,13,18,0,14,22,43,44,27,55,53,55,689,76,95,75,13,1.66666666666667,42,58,53,58,52,47,40,17,20
"323","0c5e4409b",312,15,20,18,40,43,45,36,40,55,0,0,619,68,115,100,12.5,NA,NA,NA,NA,NA,NA,36,51,22,24
"324","ee65b6e78",373,15,20,20,32,45,39,50,45,29,23,55,726,64,100,90,2,11.5,48,67,33,20,52,64,31,8,26
"325","4dbc0bd7e",448,15,20,20,40,45,45,50,50,55,53,55,899,60,140,156,NA,12,26,49,45,45,48,57,56,26,22
"326","f787e458d",404,15,20,14,32,45,45,40,40,55,43,55,728,48,105,71,5,NA,NA,NA,NA,NA,NA,57,44,20,25
"327","b7a62b9c3",438,15,20,20,40,45,40,46,50,55,52,55,838,80,110,110,8,12.5,57,57,63,62,43,50,40,20,20
"328","a2be95cd8",424,15,20,18,32,45,45,50,50,55,39,55,865,76,115,150,11.5,1.5,44,46,45,50,46,41,44,18,24
"329","dfc5d131a",344,15,20,13,8,39,40,44,35,46,29,55,658,60,95,73,10.5,NA,NA,NA,NA,NA,NA,52,49,22,28
"330","d6aec1ab5",380,15,18,0,30,36,45,50,45,34,52,55,776,56,115,135,8,NA,NA,NA,NA,NA,NA,41,47,19,18
"331","24d68c48c",356,15,20,0,36,38,45,10,48,46,43,55,733,56,130,141,18,NA,NA,NA,NA,NA,NA,65,45,26,28
"332","d5b4da73d",441,15,20,19,39,43,45,48,50,52,55,55,945,84,140,180,18,13,40,40,40,40,40,44,56,25,15
"333","9724ca3a6",431,14,20,16,36,44,44,50,49,55,48,55,840,64,120,125,17,17.5,34,55,39,41,54,39,34,19,17
"334","8fca6c255",409,12,19,17,34,33,45,46,47,54,48,54,854,80,125,140,20,13,35,NA,44,33,38,51,28,18,20
"335","417e1058a",438,15,20,13,38,42,45,50,50,55,55,55,884,76,115,155,12.5,17,37,57,49,33,53,51,48,20,19
"336","741d25ed2",437,14,18,18,40,42,45,50,50,55,51,54,936,84,150,165,21,18.5,26,52,42,54,54,51,32,18,17
"337","0e5fd4ae9",432,13,19,15,40,41,44,49,50,53,54,54,821,84,85,120,6,14,57,62,47,51,56,47,44,20,24
"338","3ee3d1c5e",401,15,20,16,35,45,44,30,45,54,42,55,813,80,105,130,11.8333333333333,7,44,40,41,36,47,40,33,19,16
"339","a229595d9",408,10,19,15,36,42,45,47,49,50,40,55,842,60,130,145,11,NA,NA,NA,NA,NA,NA,44,37,20,24
"340","280f3c423",110,0,19,0,0,0,0,41,0,50,0,0,252,52,90,0,1,NA,NA,NA,NA,NA,NA,NA,NA,NA,NA
"341","c4ca9924a",429,15,15,18,40,44,43,50,50,48,53,53,895,76,135,155,19,19,22,36,56,40,49,42,48,24,21
"342","f2f0e8d8c",369,14,16,15,31,40,34,35,36,53,41,54,727,68,90,100,NA,6,58,55,46,47,53,NA,NA,NA,NA
"343","8b14dafca",419,13,18,19,38,42,43,43,49,51,50,53,900,76,140,165,7.33333333333333,7.5,49,58,50,49,62,50,46,28,24
"344","34743f1e8",408,12,19,18,36,44,32,50,43,55,44,55,750,72,75,100,10,8.5,51,57,59,56,61,51,45,23,24
"345","035cd7149",433,13,19,18,38,44,45,48,50,55,48,55,888,80,125,150,6.5,0,10,31,65,39,56,62,53,25,10
"346","a5f5572ef",406,14,19,19,39,42,41,32,37,55,53,55,776,60,95,115,6.66666666666667,7,42,43,35,50,52,45,46,23,23
"347","44d23a43a",383,12,19,15,37,40,43,45,34,43,43,52,801,88,90,140,10.3333333333333,6.66666666666667,37,51,46,53,60,53,55,21,28
"348","921971cb1",424,13,17,14,39,37,43,47,50,55,54,55,881,72,135,150,7.83333333333333,15,49,53,42,47,53,54,50,23,24
"349","4e091155f",364,0,18,19,40,42,43,50,50,51,51,0,834,80,140,150,11.3333333333333,0,40,46,42,42,41,48,34,19,22
"350","011eaf1f9",110,14,18,17,40,0,5,6,5,0,0,5,424,48,80,105,3.33333333333333,0.666666666666667,38,44,50,33,39,45,47,24,28
"351","5040df7d7",0,0,0,0,0,0,0,0,0,0,0,0,176,36,55,85,7,NA,NA,NA,NA,NA,NA,NA,NA,NA,NA
"352","0fcaa7fc1",141,13,18,9,0,30,17,0,0,54,0,0,325,80,95,0,10.5,12,36,51,52,41,36,47,45,19,23
"353","453b0bb03",443,14,20,19,40,45,45,50,50,55,51,54,889,56,135,155,10,16.6666666666667,55,60,50,48,52,49,41,22,24
"354","04e290b60",425,15,17,14,33,43,41,48,50,55,54,55,899,88,145,141,1.33333333333333,2,39,43,42,28,45,35,35,20,28
"355","1da2437d3",441,15,20,20,40,40,45,50,50,55,51,55,948,92,150,165,7.83333333333333,16.6666666666667,51,50,60,59,52,37,46,15,22
"356","8aaf94836",437,15,18,20,40,38,45,48,50,55,53,55,916,88,135,156,22,17,40,45,59,59,52,50,50,22,24
"357","d62e8450b",437,15,20,17,34,44,45,50,50,55,52,55,842,80,110,115,5.33333333333333,0,26,50,49,41,53,38,42,21,22
"358","95839c236",437,15,20,20,40,45,42,50,45,50,55,55,867,80,120,130,11.1666666666667,12,38,55,51,37,61,50,44,20,22
"359","1a1cbcfc4",302,15,18,2,4,0,11,48,45,50,54,55,698,76,105,115,9,13.5,29,39,53,60,38,38,25,15,23
"360","a210bf259",445,15,20,18,40,45,45,50,50,55,52,55,908,84,140,140,14,16.5,47,52,50,38,56,44,45,13,24
"361","a70356369",449,15,20,20,40,44,45,50,50,55,55,55,936,96,150,141,14.5,17.5,22,48,54,37,51,49,46,20,22
"362","3ba7a6a72",435,15,20,20,40,40,44,50,45,55,51,55,905,80,125,165,10,15.5,43,46,56,41,39,42,33,18,22
"363","c2467618c",437,15,16,16,40,45,43,48,50,55,54,55,892,80,120,155,16.5,19,19,55,44,34,56,40,49,22,21
"364","d044d3265",437,13,20,20,36,42,45,46,50,55,55,55,860,68,115,145,15,NA,NA,NA,NA,NA,NA,29,47,23,14
"365","dd8fc99ed",447,15,19,20,40,44,44,50,50,55,55,55,890,88,130,125,6.5,11.3333333333333,33,55,59,35,51,41,47,15,28
"366","647d25284",315,14,16,9,4,12,11,50,45,49,50,55,644,64,75,90,3.83333333333333,12.3333333333333,36,NA,62,44,55,54,45,24,25
"367","ff762dcaf",438,15,20,13,36,44,45,50,50,55,55,55,897,64,130,165,13,9,34,43,45,33,47,44,40,18,24
"368","39796d0f8",429,15,18,20,40,35,43,50,50,54,49,55,865,88,120,135,4.83333333333333,2,40,40,40,40,40,40,32,12,16
"369","ce632f9d1",341,11,8,16,13,0,40,44,45,55,54,55,663,52,100,70,5.66666666666667,11.5,29,45,27,35,44,57,30,22,19
"370","a0d04d436",298,12,15,20,0,0,34,18,39,55,50,55,599,68,110,115,18,22,32,49,NA,NA,44,52,47,18,19
"371","cee5c0892",422,15,20,20,36,31,45,48,49,48,55,55,887,76,135,155,19,10,21,52,48,27,52,48,49,26,17
"372","3a83de69d",411,15,18,16,34,43,45,46,37,50,52,55,888,88,140,150,3.33333333333333,0,49,49,32,24,54,39,44,23,24
"373","13ade467d",360,14,18,20,36,0,45,50,45,54,50,28,740,72,120,88,16,18,31,36,56,50,43,NA,NA,NA,NA
"374","e1024afe4",241,10,19,8,16,7,16,13,8,45,52,47,524,64,105,71,6,2,40,42,41,38,37,55,45,22,28
"375","cc0f745ba",398,15,15,19,33,40,41,50,50,52,40,43,771,64,80,130,11.5,NA,53,NA,50,51,54,41,39,21,25
"376","dea019576",426,15,18,14,39,43,42,50,49,54,47,55,873,72,120,155,11.8333333333333,17,31,42,50,50,46,49,54,22,24
"377","9802f6865",361,12,12,9,36,35,39,44,39,30,55,50,722,80,95,105,NA,13.8333333333333,38,54,32,35,51,NA,NA,NA,NA
"378","4f8f06b57",433,15,20,19,38,44,43,49,50,54,46,55,807,64,100,110,6,16.3333333333333,57,58,56,52,62,48,43,14,24
"379","fcc32f446",224,13,13,7,24,0,11,44,20,0,47,45,488,44,50,70,NA,0,19,38,44,37,64,NA,NA,NA,NA
"380","973a80de4",428,14,19,18,38,45,44,50,50,54,43,53,846,88,125,105,9.83333333333333,10,67,64,47,62,65,41,48,21,24
"381","5382da997",266,13,10,15,38,13,7,23,9,36,48,54,649,68,100,115,2.66666666666667,5,46,46,42,43,42,56,45,21,22
"382","a1b0cadb9",424,15,20,19,36,42,44,47,47,50,53,51,839,60,120,135,7,5.33333333333333,45,61,62,55,52,48,48,22,19
"383","575fc004d",418,15,20,18,40,44,44,44,45,55,38,55,760,76,95,90,11.6666666666667,2.5,38,43,39,42,42,46,38,12,24
"384","cadd2a15e",436,15,20,16,40,42,44,48,50,54,52,55,850,80,100,135,12,18,38,44,47,40,54,42,37,20,15
"385","74c344b82",220,13,9,9,17,13,28,14,7,7,49,54,541,64,80,80,0,5.66666666666667,43,41,39,39,37,41,32,16,20
"386","f7a4f057e",267,0,17,15,25,42,35,37,18,44,34,0,604,60,120,135,12,19,50,47,31,33,56,42,52,25,21
"387","e52a89b52",431,15,20,16,40,44,44,49,48,55,45,55,802,76,115,80,16,0,40,48,50,45,44,45,31,16,20
"388","d7f2aa685",412,0,20,16,39,43,42,49,47,55,50,51,837,84,105,150,4,9.5,45,58,50,52,59,40,32,16,16
"389","b7b0a73f0",217,15,17,14,36,0,18,37,28,52,0,0,458,76,90,0,14,13,40,42,39,40,41,43,29,12,22
"390","5da88be91",362,15,15,10,32,26,13,44,49,50,54,54,643,40,80,80,9,9.5,41,49,40,36,46,64,41,18,27
"391","92ffca656",427,13,18,18,33,44,44,50,49,54,50,54,802,60,90,125,8,11.3333333333333,35,40,41,36,41,45,34,17,18
"392","a131562ed",385,15,20,19,40,41,44,50,50,0,54,52,718,68,125,140,18,12,36,49,49,62,52,NA,NA,NA,NA
"393","c8230777b",376,14,20,19,0,27,40,46,50,55,50,55,811,80,110,145,11,13,57,55,58,56,60,46,47,24,18
"394","5c7b5c943",391,15,20,16,38,0,40,50,50,55,52,55,771,64,95,121,8.5,5.33333333333333,63,35,61,56,44,50,36,18,23
"395","0e970b240",296,15,20,16,39,26,34,0,50,43,39,14,754,84,120,155,10.6666666666667,10.1666666666667,49,52,47,52,36,44,35,22,20
"396","bb027e402",419,15,20,19,39,45,34,50,49,46,49,53,793,64,105,105,11.3333333333333,15.5,42,59,47,51,49,58,46,26,14
"397","03b4447cf",235,15,19,9,31,33,13,6,44,50,0,15,650,80,105,130,7.33333333333333,8,33,47,54,49,53,40,42,20,18
"398","c84b4bb25",444,15,20,20,40,43,45,50,48,55,55,53,910,88,130,148,20,16,42,52,47,42,41,40,38,20,24
"399","533676026",364,14,20,11,35,33,40,31,24,55,49,52,722,56,80,123,2,0.666666666666667,18,45,52,22,38,53,28,18,13
"400","4d233e891",370,15,18,13,37,27,41,21,45,55,44,54,724,48,75,131,1,5,49,51,NA,NA,57,NA,NA,NA,NA
"401","6f0bbc53d",410,15,19,20,40,44,43,47,48,53,27,54,900,80,130,180,3,10.3333333333333,41,48,47,46,44,50,36,20,22
"402","3a972dd26",376,15,19,0,38,19,42,47,49,49,44,54,739,56,120,95,3,0,NA,NA,NA,NA,NA,49,37,22,28
"403","408ad7c18",371,12,19,18,38,19,44,39,44,51,43,44,693,56,65,101,NA,4.66666666666667,33,50,41,40,67,NA,NA,NA,NA
"404","cc94e2105",438,15,20,19,40,37,44,50,48,55,55,55,905,92,120,155,14,14,30,53,48,39,44,42,33,18,25
"405","26d8a1db5",450,15,20,20,40,45,45,50,50,55,55,55,943,88,140,165,14,14,11,47,57,42,54,43,56,28,25
"406","47073d544",442,15,20,14,39,45,44,50,50,55,55,55,885,88,95,160,5,6.83333333333333,44,63,54,24,38,44,33,21,20
"407","5c0d805b4",272,0,19,14,36,0,15,47,12,49,50,30,529,60,80,88,6,1,NA,NA,NA,NA,NA,41,46,20,26
"408","30b4540f5",441,15,20,19,40,45,40,48,50,55,55,54,923,92,135,155,NA,15.5,42,57,38,66,58,NA,NA,NA,NA
"409","5174686c6",449,15,19,20,40,45,45,50,50,55,55,55,869,76,150,136,13,NA,55,53,48,60,49,41,56,24,28
"410","3e643e28a",354,15,19,20,39,41,33,0,24,55,54,54,741,68,125,106,9,4.33333333333333,39,50,56,48,58,57,56,28,28
"411","bd4bd077d",431,15,20,15,40,43,43,48,49,49,54,55,790,76,95,95,1.5,0,44,42,44,58,38,48,35,22,23
"412","247bf526d",437,15,20,19,39,45,40,48,49,53,54,55,780,48,90,105,6.5,15,21,43,47,20,35,52,52,19,28
"413","d2bdb44b7",404,15,20,18,40,45,14,50,44,55,51,52,728,84,105,135,14.5,NA,NA,NA,NA,NA,NA,39,56,21,19
"414","6e375fdc9",403,15,19,16,29,33,39,48,49,55,45,55,850,96,125,126,7.33333333333333,1.66666666666667,40,40,40,40,40,40,32,16,16
"415","089fcf2b7",309,15,19,20,40,44,39,0,48,52,32,0,655,72,95,91,8.33333333333333,11,NA,NA,NA,NA,NA,46,50,22,22
"416","fe29577a8",433,15,20,20,40,45,45,50,48,54,41,55,869,76,135,125,7,9,52,57,56,43,NA,52,40,20,24
"417","7b3de2082",380,15,19,20,34,45,41,28,45,48,37,48,772,64,120,136,11.6666666666667,13.3333333333333,35,48,38,59,44,47,35,19,20
"418","af8b3b7d6",40,15,16,9,0,0,0,0,0,0,0,0,246,84,95,0,6,NA,NA,NA,NA,NA,NA,45,32,4,16
"419","bbd07e0ea",430,15,19,17,33,45,41,50,50,55,50,55,864,64,120,150,4,7.5,NA,NA,NA,NA,NA,48,48,19,25
"420","25de22baa",396,15,19,16,38,23,42,50,50,52,36,55,760,68,90,106,9.66666666666667,4.66666666666667,40,57,57,29,48,53,49,20,28
"421","4dc592b67",351,15,20,20,34,21,14,47,29,52,44,55,681,60,90,80,3,3,44,58,42,53,49,40,45,20,26
"422","a3b3a351f",66,15,14,5,32,0,0,0,0,0,0,0,228,52,50,60,6.33333333333333,NA,NA,NA,NA,NA,NA,39,32,16,23
"423","d4ee7128e",446,15,20,20,40,45,44,50,48,54,55,55,938,92,140,160,7.33333333333333,9.83333333333333,59,59,55,37,55,45,31,12,16
"424","3a52cf9ba",423,15,20,19,38,45,43,49,46,53,40,55,871,48,135,165,15.5,8,48,60,52,42,58,37,43,13,11
"425","e08e4a43e",424,15,19,20,34,45,45,50,50,55,38,53,876,76,135,141,8.5,19,44,57,47,43,50,41,46,26,19
"426","27935ffb6",427,15,19,14,36,45,45,48,50,52,48,55,890,68,145,150,6.33333333333333,13,26,52,28,39,32,50,37,16,27
"427","13e06c9f2",356,15,18,14,40,45,33,50,48,40,0,53,686,52,90,88,6.33333333333333,11,45,52,48,44,38,47,33,18,20
"428","9f37f0f4f",438,15,17,20,36,44,45,50,48,55,53,55,893,80,110,165,21.5,21.5,52,58,55,30,52,52,42,20,19
"429","e2866a5a7",313,15,19,12,36,0,38,27,45,35,34,52,672,68,100,91,9.5,10,40,58,52,53,53,48,56,20,26
"430","904aa2824",448,15,18,20,40,45,45,50,50,55,55,55,964,96,145,175,7,9.83333333333333,59,62,65,39,61,63,56,24,17
"431","054707c57",433,15,19,14,36,44,42,50,50,54,54,55,917,84,145,155,10,11,19,31,54,NA,55,47,56,18,17
"432","bfd826e28",380,15,17,18,28,44,33,49,46,52,28,50,741,68,70,135,1.66666666666667,7.16666666666667,31,44,45,52,41,30,29,14,19
"433","6fed6aa6e",442,15,18,20,40,44,41,50,50,54,55,55,897,80,115,160,7,6,39,40,NA,NA,40,48,46,22,26
"434","d1a8ed90c",437,15,20,18,38,39,45,50,50,55,52,55,916,84,135,160,14,15.5,33,50,34,34,50,36,41,15,17
"435","b051c88f7",282,15,20,13,14,18,31,40,34,42,0,55,600,64,90,78,6,4.83333333333333,54,56,37,48,50,34,33,9,16
"436","ab8177c29",412,15,18,9,40,45,44,46,49,55,36,55,736,60,80,105,9.83333333333333,15,39,47,50,38,55,46,42,18,24
"437","4ca39e32e",367,15,11,14,0,45,45,45,50,55,32,55,756,64,115,110,2.16666666666667,6,39,43,45,27,44,51,34,13,14
"438","642053c19",410,15,20,0,40,41,43,49,49,55,43,55,794,56,120,108,12,15,56,57,53,53,52,63,51,23,23
"439","32d7cf256",439,15,18,19,36,45,45,46,50,55,55,55,907,68,135,165,15,14.5,46,43,51,49,40,35,41,17,28
"440","57e8507c7",377,15,18,16,24,45,44,48,37,50,45,35,760,84,90,116,9,4.33333333333333,59,47,56,56,52,56,31,18,15
"441","3812085fc",204,15,20,13,24,44,23,25,10,14,11,5,492,52,85,68,9,14.3333333333333,37,45,40,30,60,44,47,19,19
"442","a34dc158a",398,15,18,20,40,23,35,48,48,55,41,55,900,92,140,170,3.5,9.83333333333333,26,29,53,26,54,32,56,28,28
"443","0d3986e91",407,15,18,19,34,34,44,49,42,55,42,55,739,64,100,71,12,16.5,43,54,45,32,49,46,47,18,23
"444","b8628a13c",390,15,20,17,27,35,17,49,50,55,50,55,771,56,105,120,14,10,40,40,49,NA,42,57,50,11,28
"445","1038e1ec2",399,15,20,17,39,42,40,49,24,44,54,55,815,76,105,135,17,21.5,29,50,36,26,46,18,31,11,18
"446","eac25e5c8",441,15,20,20,39,44,44,49,48,55,52,55,948,92,150,165,13.5,17.5,15,55,52,11,52,39,35,14,23
"447","97915021c",386,15,20,14,38,44,19,35,43,51,52,55,748,52,90,120,4.66666666666667,9.5,52,57,31,27,52,40,29,16,12
"448","176b3236d",427,15,18,18,39,45,43,43,45,55,51,55,774,56,85,106,12,17.5,33,51,60,35,47,50,40,18,20
"449","ed6796ea1",433,15,18,19,38,41,45,49,46,55,52,55,880,80,130,145,14,10.3333333333333,41,50,54,46,49,41,49,17,16
"450","a08336a0e",383,15,20,17,7,44,40,45,36,51,53,55,725,52,95,95,NA,6.66666666666667,NA,NA,NA,NA,NA,NA,NA,NA,NA
"451","eae4a1977",423,15,20,18,33,45,42,49,46,53,47,55,866,84,115,145,9.5,13,29,34,43,53,44,49,53,25,23
"452","258297e7e",437,15,20,18,40,45,39,49,47,55,54,55,836,64,125,110,NA,12,56,55,48,31,51,NA,NA,NA,NA
"453","d600367a8",395,15,16,10,36,42,39,50,43,54,35,55,705,68,70,75,3.66666666666667,11.3333333333333,41,50,36,44,47,45,46,21,15
"454","6564bffef",440,15,20,20,40,45,45,50,49,55,46,55,929,88,145,156,14,NA,40,NA,35,36,41,52,53,23,27
"455","fb48b1ef0",431,15,20,15,38,37,44,50,49,54,54,55,848,76,115,126,4.33333333333333,7.5,40,40,40,40,40,36,44,15,22
"456","aaafa7d2f",231,15,15,10,0,11,44,0,32,5,49,50,593,72,115,85,NA,18.5,44,59,48,37,58,NA,NA,NA,NA
"457","53fd63581",447,15,20,20,40,45,45,50,50,52,55,55,951,84,135,185,9.83333333333333,9,48,57,59,52,52,49,47,22,24
"458","9c96f5f5e",445,15,18,20,40,44,45,50,50,53,55,55,836,72,115,105,11,13.8333333333333,NA,NA,NA,NA,NA,66,52,22,27
"459","a08193f16",46,15,20,11,0,0,0,0,0,0,0,0,195,44,105,0,11.6666666666667,NA,NA,NA,NA,NA,NA,47,44,15,23
"460","07b55c439",341,15,15,14,24,37,40,46,47,50,0,53,687,52,105,103,NA,2.33333333333333,48,30,40,49,37,NA,NA,NA,NA
"461","d69d45383",440,15,20,20,40,41,45,50,45,55,54,55,829,84,100,105,7.66666666666667,6.66666666666667,39,58,49,46,51,60,49,18,22
"462","5b8227f96",363,15,20,20,34,32,18,42,50,51,31,50,631,72,75,78,9.33333333333333,8,32,42,49,47,43,42,39,17,24
"463","9b0be3463",450,15,20,20,40,45,45,50,50,55,55,55,902,92,135,125,17,17,37,55,58,33,50,46,41,17,23
"464","21206ebb1",435,15,20,20,30,45,45,50,50,53,52,55,860,60,130,135,NA,9.66666666666667,53,51,35,55,54,NA,NA,NA,NA
"465","288361d31",428,15,20,20,25,45,43,50,50,55,50,55,796,68,85,116,11.5,0,31,51,49,56,44,40,39,17,20
"466","1732e72b9",349,0,20,15,22,0,43,50,45,55,44,55,713,44,95,125,9.5,13.5,59,58,49,49,52,42,48,22,24
"467","732bc339a",322,15,20,20,37,39,0,34,40,28,50,39,751,80,115,135,4.16666666666667,1,33,37,29,40,36,44,37,20,28
"468","41bf60285",448,15,20,20,40,43,45,50,50,55,55,55,920,92,135,145,4.83333333333333,5,50,51,61,44,60,65,47,21,27
"469","c79f17614",423,15,20,20,40,43,45,50,50,55,30,55,900,92,130,156,18.5,22,43,47,33,46,39,49,41,20,19
"470","fdfa2b5be",421,15,18,16,36,45,45,39,50,50,52,55,818,72,120,105,7,22,59,61,42,39,52,46,46,19,28
"471","0c3aeedb6",445,15,20,20,40,45,45,50,50,52,54,54,917,72,145,155,9,2.66666666666667,40,40,40,40,40,41,33,20,24
"472","d50589e19",421,15,20,18,33,37,45,48,50,53,48,54,819,72,120,106,18,21.5,32,50,54,51,40,46,41,10,17
"473","771b437bc",332,15,20,9,26,41,5,34,45,55,47,35,751,68,115,136,0,17.5,23,25,47,27,33,39,29,14,13
"474","26f22fdcd",407,15,20,20,40,33,28,50,40,55,51,55,670,64,80,65,14,19.5,32,44,49,58,49,53,56,24,28
"475","0874d8376",429,15,20,20,40,45,45,50,45,39,55,55,868,84,120,135,10,8.5,46,42,45,32,44,44,37,20,22
"476","c9d2e4d31",450,15,20,20,40,45,45,50,50,55,55,55,869,88,130,101,4.66666666666667,3,35,46,42,31,44,46,49,23,28
"477","d1624bd28",443,15,20,20,40,43,44,50,50,52,54,55,929,88,150,155,13,13.5,49,50,45,51,50,47,42,19,19
"478","9b65483cd",347,14,11,10,33,45,36,50,21,51,45,31,697,60,90,105,3.33333333333333,14.1666666666667,50,65,52,59,49,58,43,26,28
"479","9cde4b8b1",365,15,19,18,0,45,45,47,48,53,20,55,685,60,60,100,9.5,8,50,41,38,41,37,54,56,28,28
"480","6d7e6cf0a",448,15,20,20,38,45,45,50,50,55,55,55,764,56,80,80,9,NA,41,52,45,39,39,39,40,15,21
"481","4456a0ede",379,15,18,18,40,19,21,47,46,54,46,55,713,44,110,80,9,NA,NA,NA,NA,NA,NA,31,32,8,20
"482","b94ec6815",439,15,19,18,38,42,44,50,50,55,53,55,858,68,120,131,5.16666666666667,3.33333333333333,40,41,41,NA,40,42,50,24,22
"483","05c9343fb",449,15,20,20,40,45,45,50,50,54,55,55,960,96,130,185,6.33333333333333,7.83333333333333,24,46,38,31,43,44,27,13,24
"484","ab6f0629f",263,0,20,11,40,0,45,6,40,55,46,0,593,72,85,78,0,2,40,NA,26,49,42,40,33,16,16
"485","1d1bc6e71",408,14,19,20,0,45,45,50,50,55,55,55,891,88,140,155,5.5,4.33333333333333,NA,NA,NA,NA,NA,59,47,26,26
"486","211c0319b",379,11,20,6,4,43,42,50,40,54,54,55,630,12,70,70,0,0,23,61,30,NA,40,40,29,14,25
"487","970b932c9",434,15,20,20,39,43,43,50,50,52,47,55,815,80,100,111,16,21.5,31,60,41,56,52,48,56,22,24
"488","e58dbfea7",444,15,20,20,40,44,42,49,50,55,55,54,958,84,145,185,9,20.5,28,49,61,39,43,55,53,24,24
"489","ce8498a9c",442,15,20,20,40,44,45,49,50,54,50,55,893,80,120,151,NA,9,38,56,57,44,43,36,42,22,22
"490","8223888f1",253,0,0,20,39,0,40,0,50,55,49,0,564,76,115,100,NA,18.5,20,43,46,34,45,NA,NA,NA,NA
"491","b7ac198a7",391,15,20,19,40,45,44,48,0,52,53,55,780,64,110,115,11,9.5,41,46,37,35,38,53,32,25,24
"492","e6e8699fe",45,15,0,0,0,30,0,0,0,0,0,0,288,56,75,65,5,NA,NA,NA,NA,NA,NA,44,16,11,18
"493","53f954d57",443,15,16,20,40,44,45,49,50,54,55,55,909,76,140,150,3,NA,44,58,55,44,51,45,51,18,13
"494","c1c9de0f7",407,14,19,20,0,45,44,50,50,55,55,55,914,92,140,175,13,0,40,40,40,40,40,60,48,20,22
"495","a60e91bde",443,15,20,19,37,44,45,49,50,54,55,55,903,80,120,160,12.5,16,20,35,47,47,35,27,38,19,23
"496","c338331a9",327,15,18,17,36,45,45,48,0,0,52,51,650,56,65,105,12,11.8333333333333,46,52,47,29,51,62,55,27,26
"497","cc59639bf",441,15,17,16,40,44,45,50,50,55,54,55,861,80,105,135,14.5,14,32,42,59,49,48,31,42,12,18
"498","567cf1817",446,14,20,20,40,45,45,50,49,55,53,55,863,64,125,128,3.33333333333333,8.33333333333333,40,40,40,40,40,50,40,20,20
"499","36a5abfda",437,15,20,20,40,45,45,50,45,55,49,53,800,80,120,130,12,5.83333333333333,43,NA,52,38,48,30,32,21,16
"500","d45c28a9e",444,15,20,20,40,45,45,44,50,55,55,55,888,84,130,130,18,16,23,50,56,34,63,43,50,18,20
"501","ff17390f8",432,15,20,17,40,45,45,50,41,51,53,55,899,92,140,165,13.5,15,47,60,55,50,56,50,48,28,19
"502","c083438cb",447,15,20,20,40,45,45,50,50,53,54,55,931,84,140,160,12,16.5,38,49,50,46,48,50,48,28,24
"503","4aac49899",448,15,20,20,40,45,45,48,50,55,55,55,818,64,95,116,NA,15.5,38,46,57,52,53,NA,NA,NA,NA
"504","3757ea471",438,13,20,20,32,45,45,48,50,55,55,55,873,60,135,140,15.5,11.5,26,48,49,53,50,47,46,24,22
"505","ff4e40b55",433,15,20,20,40,45,40,40,50,55,53,55,820,60,90,145,17,15.5,29,63,60,51,57,37,50,28,25
"506","f9d515b85",399,15,20,20,40,0,45,50,50,49,55,55,735,56,95,86,NA,7.66666666666667,43,56,54,47,52,NA,NA,NA,NA
"507","9a57bb96c",323,15,20,14,28,0,45,50,41,55,0,55,523,56,60,76,4.5,2.66666666666667,40,42,38,43,39,46,39,18,18
"508","a30fc489f",450,15,20,20,40,45,45,50,50,55,55,55,947,92,145,160,14.5,13.3333333333333,43,41,44,39,47,70,56,27,24
"509","3c854c9cf",447,15,19,20,40,45,45,50,50,55,53,55,922,80,140,165,20.5,19.5,47,43,48,40,43,51,47,22,27
"510","eec5483b1",448,15,20,20,40,45,45,50,49,55,54,55,952,84,150,170,8.33333333333333,10.1666666666667,40,40,40,40,40,60,48,24,24
"511","716bbd183",434,15,19,17,36,45,45,50,50,55,47,55,879,96,125,140,8.33333333333333,1.33333333333333,31,61,48,42,43,61,48,28,24
"512","579fa0eb7",446,15,20,20,40,42,45,50,50,55,54,55,897,88,130,141,14,14,19,64,52,42,60,49,46,25,18
"513","d1a4c8dd3",425,15,19,20,40,42,41,50,50,40,53,55,902,92,120,166,NA,14.3333333333333,43,66,58,42,53,52,48,20,22
"514","01869082b",413,15,20,17,32,35,45,50,45,53,46,55,774,68,90,103,4.66666666666667,11.8333333333333,42,36,45,43,41,43,35,13,24
"515","2109378e3",422,15,20,20,24,45,45,50,50,55,43,55,834,52,120,140,13,14,59,63,66,59,52,46,40,20,28
"516","7f543db3e",450,15,20,20,40,45,45,50,50,55,55,55,876,80,125,121,1.66666666666667,4,44,35,38,NA,33,57,52,20,22
"517","d45ec1257",417,15,20,0,36,45,45,50,50,53,48,55,813,76,100,120,0,12,52,63,63,39,45,NA,NA,NA,NA
"518","2b7717ca1",442,15,20,17,40,45,45,50,50,55,50,55,811,68,115,86,2,7,51,54,54,NA,51,46,43,17,28
"519","55fb47843",414,14,20,20,32,35,44,50,43,46,55,55,910,84,145,170,1.66666666666667,NA,58,58,58,52,64,54,34,26,21
"520","659f0c79e",307,14,20,20,40,28,33,32,26,51,28,15,774,88,130,150,4,3.5,43,39,37,37,41,NA,NA,NA,NA
"521","dd42486bd",381,13,20,20,0,45,40,48,50,55,35,55,799,88,110,120,12.5,9.5,54,NA,43,42,46,37,26,12,23
"522","b6c4bb4ab",295,14,20,20,30,32,40,49,0,47,21,22,621,60,80,86,11.6666666666667,12,56,56,62,50,55,48,32,15,25
"523","50fd64710",342,14,16,20,36,0,42,42,42,55,30,45,769,72,100,160,12.8333333333333,12,59,56,55,62,53,29,20,11,8
"524","7e337d9fd",395,14,18,7,40,31,37,50,50,53,40,55,756,56,120,85,2.5,6.66666666666667,66,57,42,36,41,29,45,21,27
"525","83edb1657",393,14,20,10,21,42,45,50,31,55,50,55,703,40,85,85,6.5,12.8333333333333,21,54,34,14,53,51,45,24,24
"526","296f07459",405,13,18,20,40,30,26,50,48,55,50,55,861,68,140,155,2.83333333333333,4,11,60,25,51,47,60,42,25,22
"527","1ac773464",402,14,19,20,40,0,44,50,50,55,55,55,846,64,120,160,13,18,39,52,47,52,47,46,46,25,20
"528","224cd9d81",365,14,12,20,30,41,38,0,50,55,50,55,702,52,100,85,9.5,16,56,57,41,30,62,61,56,23,24
"529","1d16ad84d",426,14,16,20,40,34,44,50,50,53,50,55,901,80,135,160,12,13.5,13,51,54,53,60,45,49,23,21
"530","f6bb44f93",383,13,20,20,40,40,38,50,35,50,27,50,856,76,145,160,15,13.5,39,50,45,47,39,42,46,18,21
"531","98d9480f5",436,14,19,20,40,42,42,49,50,55,50,55,882,96,95,155,9,12.3333333333333,53,57,44,54,49,57,41,26,25
"532","080fbe73c",405,13,20,6,25,38,43,49,48,53,55,55,745,60,100,90,7.66666666666667,3.66666666666667,45,37,NA,NA,42,36,38,9,24
"533","f110103c7",186,14,17,16,30,0,0,0,43,8,3,55,502,60,85,76,NA,9.16666666666667,33,66,45,42,52,NA,NA,NA,NA
"534","6610afd3e",432,14,20,20,40,33,45,50,50,55,50,55,854,56,115,151,5,18.5,22,53,53,46,56,53,49,24,17
"535","5c3d531bd",177,14,19,18,36,0,10,25,5,50,0,0,388,68,85,0,17,11,49,57,42,45,60,NA,NA,NA,NA
"536","1aad519fa",416,15,15,18,30,31,44,50,50,55,53,55,884,92,125,156,21,18,38,63,46,38,56,54,51,21,28
"537","2d3fa5d9f",359,14,20,20,35,0,44,50,32,39,50,55,731,56,115,101,6.83333333333333,6.66666666666667,34,56,55,55,38,55,50,20,26
"538","71a4c3688",362,12,15,20,39,6,29,50,46,55,35,55,785,84,90,150,10.3333333333333,14,50,51,52,52,44,NA,NA,NA,NA
"539","40833dcb8",430,14,15,20,40,40,43,50,50,53,50,55,837,72,115,120,8.5,13.5,NA,NA,NA,NA,NA,47,49,26,21
"540","dd3019981",373,15,20,17,40,45,45,0,48,48,40,55,679,48,95,116,10.8333333333333,13.3333333333333,40,46,46,22,52,52,56,16,28
"541","cc5d5e90c",442,15,20,14,40,45,43,50,50,55,55,55,934,88,145,160,17.5,15.1666666666667,27,57,45,49,51,45,56,14,17
"542","e70b53910",397,15,20,0,37,37,45,50,41,47,50,55,865,88,95,185,16,21.5,26,58,52,46,47,56,47,20,21
"543","948736083",423,15,20,20,40,45,43,38,41,53,53,55,837,84,120,110,2,1,40,43,40,40,43,50,40,22,20
"544","042e769f3",450,15,20,20,40,45,45,50,50,55,55,55,881,76,120,135,14,17.5,51,51,60,55,60,48,51,22,26
"545","d6bac583c",444,15,20,20,40,45,43,50,50,53,55,53,879,72,130,175,13,21,43,29,47,27,43,54,55,17,24
"546","b0cc04a5e",341,15,20,14,37,45,45,0,0,55,55,55,823,92,145,145,11,12.3333333333333,39,54,52,18,50,60,41,21,27
"547","97250b530",400,15,20,20,28,42,45,50,50,34,55,41,795,72,110,113,NA,NA,63,41,41,64,59,NA,NA,NA,NA
"548","4e6964a38",445,13,20,17,40,45,45,50,50,55,55,55,733,68,0,120,15,16,57,62,61,52,63,64,56,28,28
"549","ced03b8dd",444,15,16,20,40,45,45,50,50,55,55,53,850,60,125,121,14,15.5,30,55,56,62,61,62,56,28,25
"550","c1eb53f54",223,15,17,8,24,45,37,22,0,55,0,0,356,0,75,58,0.666666666666667,3.66666666666667,39,49,51,42,59,46,45,23,24
"551","0eb94b455",450,15,20,20,40,45,45,50,50,55,55,55,982,92,150,190,14.5,8.5,41,56,51,54,48,47,56,25,26
"552","f8546b944",229,15,20,14,36,11,0,22,41,55,0,15,586,60,110,90,0,NA,NA,NA,NA,NA,NA,52,40,18,19
"553","7cf39cfa8",359,15,20,14,32,40,0,34,41,53,55,55,784,80,135,110,NA,NA,NA,NA,NA,NA,NA,NA,NA,NA,NA
"554","5a7ccde0e",435,15,20,14,40,45,45,50,48,55,50,53,866,96,140,95,1,5.66666666666667,35,51,46,31,53,64,38,15,27
"555","3ea8bf1a0",388,15,19,17,36,45,0,50,48,52,53,53,808,80,95,146,11,8.83333333333333,37,41,42,40,38,39,21,16,15
"556","a3eeac9ca",441,15,20,20,40,45,45,50,41,55,55,55,931,92,140,161,17.5,21.5,41,45,44,40,53,43,47,25,19
"557","9f5823b71",394,15,20,14,40,45,45,50,50,55,5,55,764,60,80,130,5.66666666666667,3.66666666666667,42,41,45,40,37,NA,NA,NA,NA
"558","4c59c4200",450,15,20,20,40,45,45,50,50,55,55,55,905,80,120,155,16,14.5,61,36,41,58,66,53,48,12,24
"559","b63cd0031",442,15,20,20,40,45,45,50,50,55,47,55,923,92,145,145,20,19.5,32,36,41,51,52,40,49,16,24
"560","64082ed51",449,15,20,19,40,45,45,50,50,55,55,55,883,64,120,150,10,14,41,45,51,55,38,48,50,22,26
"561","686ddb8a3",376,15,15,17,36,21,45,38,50,55,53,31,729,68,105,81,11.3333333333333,11,35,43,34,47,36,31,32,23,26
"562","2307fe845",405,14,20,20,0,43,43,50,50,55,55,55,898,88,135,170,13.5,15,39,50,42,46,45,43,48,18,20
"563","591816811",391,15,17,14,37,45,43,22,41,51,51,55,763,76,95,101,12,12,27,42,52,38,52,57,43,22,17
"564","8cb561f76",428,13,20,20,39,45,43,50,50,55,38,55,840,68,135,116,8,NA,54,60,56,49,NA,57,51,25,26
"565","b102bfc1d",154,15,20,0,24,0,12,14,0,20,34,15,417,28,50,85,4.5,3.66666666666667,NA,NA,NA,NA,NA,NA,NA,NA,NA
"566","5549e98b9",382,15,19,8,34,7,40,50,48,53,55,53,751,60,120,96,4.33333333333333,4,34,47,50,56,57,51,45,24,20
"567","4948da3cc",427,15,20,17,32,45,38,50,50,55,50,55,919,72,145,175,9,18,37,47,37,31,31,40,32,16,16
"568","96fb59863",450,15,20,20,40,45,45,50,50,55,55,55,931,96,140,145,NA,14,32,57,55,42,43,NA,NA,NA,NA
"569","7f9308d3c",398,15,18,17,40,41,37,50,15,55,55,55,841,72,125,146,4.5,10,35,43,40,NA,39,54,44,15,21
"570","6d22a794b",212,13,18,14,36,17,0,34,40,13,0,27,593,72,95,115,11,13,47,59,48,49,52,42,41,23,25
"571","ad93d6532",448,15,20,20,38,45,45,50,50,55,55,55,880,84,140,170,22,20,15,59,34,20,51,44,55,24,17
"572","02f50466b",371,15,20,17,32,41,30,16,40,55,50,55,766,72,90,140,11.5,12.8333333333333,56,52,52,40,47,46,48,23,28
"573","af8c52a6b",141,15,12,14,10,11,0,34,21,24,0,0,384,52,120,71,11,NA,NA,NA,NA,NA,NA,42,39,18,20
"574","9b2d47ff8",440,15,20,14,38,43,45,50,50,55,55,55,895,80,140,135,10.5,NA,25,45,49,42,41,54,51,23,21
"575","6edfd8eda",442,15,19,18,40,40,45,50,50,55,55,55,938,88,140,175,6,9,38,39,45,44,38,38,48,23,21
"576","810eba5d0",104,15,20,8,0,21,0,0,40,0,0,0,282,68,110,0,3,NA,39,42,38,42,40,40,32,14,20
"577","50af6111e",408,15,20,12,25,26,45,50,50,55,55,55,840,72,100,160,6.33333333333333,2.33333333333333,NA,NA,NA,NA,NA,40,39,17,28
"578","c8251919d",447,15,18,20,40,44,45,50,50,55,55,55,898,76,130,145,12.1666666666667,15,40,44,45,32,44,48,27,19,28
"579","506027610",429,15,20,19,36,44,43,50,45,52,52,53,830,76,115,111,18.3333333333333,13,26,45,36,47,41,30,34,12,23
"580","37f621bb8",390,15,20,20,40,40,45,50,50,0,55,55,876,96,145,146,10.5,9.5,40,46,46,22,52,70,55,22,26
"581","86198ae0d",305,15,20,14,38,36,17,44,24,35,25,37,671,52,125,110,9.66666666666667,7,22,40,63,21,54,NA,NA,NA,NA
"582","ba076e9e6",450,15,20,20,40,45,45,50,50,55,55,55,973,88,145,190,12.5,11,33,55,40,58,45,59,53,22,21
"583","feff7c3ce",420,15,20,20,40,20,45,50,50,55,50,55,862,72,125,145,19,15,40,40,40,40,40,38,35,13,22
"584","3addd4823",53,15,0,20,0,18,0,0,0,0,0,0,199,96,0,0,6.66666666666667,NA,NA,NA,NA,NA,NA,54,43,26,28
"585","af6c2049f",450,15,20,20,40,45,45,50,50,55,55,55,938,88,145,155,16,16.5,31,42,49,27,63,56,53,26,20
"586","8533937ff",382,15,18,14,36,41,45,46,40,49,53,25,760,72,110,106,9,13,45,52,46,47,52,48,43,22,28
"587","c62785961",173,15,20,7,28,0,23,10,11,13,7,39,560,76,90,121,21,11,33,39,56,47,35,37,39,19,24
"588","e97089a64",365,9,20,20,34,0,45,44,50,55,49,39,732,80,130,121,15,11,27,49,38,48,60,49,55,26,21
"589","93a7a883f",432,15,18,20,40,45,34,50,50,55,50,55,785,88,125,100,NA,5,NA,NA,NA,NA,NA,NA,NA,NA,NA
"590","23a5d8e50",324,15,20,11,18,41,45,38,0,50,47,39,685,76,105,90,13.5,16.5,20,37,44,35,56,39,42,18,21
"591","ef34bb97f",290,15,20,12,38,45,38,24,13,40,18,27,703,84,130,170,18,15,22,52,30,NA,39,28,40,19,25
"592","df9f47645",370,15,20,12,38,40,45,50,45,50,0,55,776,56,100,150,9.83333333333333,9.33333333333333,45,68,40,46,59,44,46,11,26
"593","866f28f6b",337,15,20,17,31,9,43,50,13,53,31,55,753,76,100,140,12,15,51,56,50,27,50,43,44,18,19
"594","439f76e04",446,14,19,20,40,45,45,49,49,55,55,55,917,76,135,160,13,NA,48,59,47,48,55,41,46,17,22
"595","daec7f196",447,15,20,19,40,45,45,50,50,55,53,55,885,72,110,156,18,19,27,49,55,36,48,53,42,18,24
"596","d3b6a03fb",21,15,6,0,0,0,0,0,0,0,0,0,291,68,105,0,0,4.33333333333333,43,58,49,20,62,49,39,16,15
"597","4f49f0dc2",428,14,18,10,39,44,44,49,50,53,52,55,844,80,125,111,15.5,18,49,63,44,51,47,52,42,19,24
"598","eabf7068c",313,15,7,14,22,42,10,22,40,41,45,55,679,76,100,90,13,18,33,52,52,39,51,50,38,19,28
"599","39a1f0cc9",302,15,16,14,35,36,22,49,20,22,34,39,678,72,95,110,6,13,42,70,54,52,54,63,51,25,24
"600","c9139c0e5",447,15,18,20,40,45,45,49,50,55,55,55,881,84,130,125,13,19,42,42,39,43,43,38,46,15,20
"601","b50972497",443,14,18,19,39,45,45,50,50,55,53,55,830,76,105,106,17,18,46,44,48,53,45,42,28,16,19
"602","aba0ea12e",450,15,20,20,40,45,45,50,50,55,55,55,926,80,145,151,16,2,31,47,36,36,59,41,48,14,17
"603","4343ccb9a",450,15,20,20,40,45,45,50,50,55,55,55,910,60,140,160,14,13.5,66,59,49,68,62,59,53,26,27
"604","140fbe27d",449,15,19,20,40,45,45,50,50,55,55,55,897,88,130,130,10,7,37,36,37,44,36,55,53,17,26
"605","1c574c59e",448,15,19,19,40,45,45,50,50,55,55,55,880,92,125,120,12,14.5,41,56,49,47,60,54,48,24,23
"606","312c990e6",431,15,20,19,40,45,45,48,43,48,53,55,738,76,120,111,16.6666666666667,18,30,46,54,63,46,NA,NA,NA,NA
"607","6db013635",448,15,18,20,40,45,45,50,50,55,55,55,936,88,135,165,16.5,13,36,57,60,37,50,51,38,19,16
"608","aa76eb42b",424,15,19,16,34,40,43,49,50,55,48,55,814,80,125,90,NA,8.66666666666667,44,61,42,61,47,48,23,17,23
"609","6cecccf8a",329,14,17,19,10,25,42,40,0,53,54,55,733,64,90,150,9,0,40,40,40,40,40,44,35,15,22
"610","7bb3d2653",404,15,18,11,38,45,40,50,43,47,44,53,749,64,95,91,14.5,19,35,56,61,57,56,41,44,20,21
"611","09885dc8e",440,15,20,15,40,45,45,50,50,55,50,55,936,96,140,160,13.3333333333333,12.6666666666667,64,43,47,NA,55,55,53,24,20
"612","8fccf78db",420,15,18,14,37,38,45,50,45,55,48,55,768,64,90,95,13,10,47,54,50,47,39,40,34,10,25
"613","d1879e901",447,15,20,19,40,45,43,50,50,55,55,55,863,76,115,125,0.666666666666667,4,40,40,40,40,40,40,32,16,16
"614","b9165380e",442,15,18,18,37,45,45,49,50,55,55,55,824,72,115,95,3,12,39,45,NA,NA,36,40,34,14,18
